id,genero,regiao,idade,nome_produto,cat_produto,preco_unit,qtde_comprada,total,frete,data_compra
ORD0268,Masculino,Norte,59,Monitor,Eletrônicos,300.0,5,1500.0,13.31,2023-12-08
ORD0046,Masculino,Oeste,22,Headphones,Acessórios,100.0,2,200.0,6.93,2023-04-09
ORD0169,Feminino,Sul,54,Monitor,Eletrônicos,300.0,1,300.0,11.31,2023-08-28
ORD0002,Masculino,Norte,23,Headphones,Acessórios,100.0,5,500.0,12.22,2023-01-18
ORD0173,Feminino,Sul,59,Laptop,Eletrônicos,1500.0,3,4500.0,5.4,2023-01-19
ORD0147,Masculino,Norte,64,Smartwatch,Relógios,200.0,2,400.0,11.26,2023-01-11
ORD0262,Masculino,Leste,27,Smartwatch,Relógios,200.0,1,200.0,18.38,2023-10-23
ORD0159,Feminino,Sul,18,Keyboard,Acessórios,50.0,2,100.0,15.08,2023-06-15
ORD0046,Feminino,Leste,22,Mouse,Acessórios,30.0,1,30.0,8.22,2023-02-25
ORD0023,Masculino,Oeste,29,Headphones,Acessórios,100.0,3,300.0,10.7,2023-04-23
ORD0201,Feminino,Leste,49,Headphones,Acessórios,100.0,2,200.0,9.8,2023-06-01
ORD0283,Feminino,Oeste,67,Mouse,Acessórios,30.0,3,90.0,5.65,2023-09-13
ORD0199,Feminino,Oeste,41,Keyboard,Acessórios,50.0,5,250.0,7.13,2023-02-17
ORD0039,Masculino,Sul,60,Keyboard,Acessórios,50.0,4,200.0,10.91,2023-12-10
ORD0276,Masculino,Oeste,66,Mouse,Acessórios,30.0,1,30.0,11.36,2023-06-29
ORD0143,Feminino,Oeste,36,Smartwatch,Relógios,200.0,3,600.0,7.89,2023-07-14
ORD0139,Masculino,Norte,57,Laptop,Eletrônicos,1500.0,4,6000.0,10.92,2023-05-13
ORD0210,Masculino,Sul,30,Smartphone,Eletrônicos,800.0,2,1600.0,11.44,2023-06-09
ORD0293,Feminino,Leste,32,Smartwatch,Relógios,200.0,5,1000.0,7.16,2023-06-21
ORD0049,Feminino,Oeste,59,Monitor,Eletrônicos,300.0,4,1200.0,17.37,2023-11-26
ORD0283,Feminino,Leste,67,Smartphone,Eletrônicos,800.0,5,4000.0,12.17,2023-11-08
ORD0196,Feminino,Sul,37,Mouse,Acessórios,30.0,3,90.0,19.41,2023-12-27
ORD0050,Masculino,Norte,37,Mouse,Acessórios,30.0,3,90.0,6.97,2023-06-06
ORD0007,Feminino,Leste,52,Headphones,Acessórios,100.0,2,200.0,12.0,2023-10-28
ORD0242,Masculino,Norte,58,Smartphone,Eletrônicos,800.0,4,3200.0,18.11,2023-12-30
ORD0042,Feminino,Sul,57,Keyboard,Acessórios,50.0,1,50.0,9.6,2023-12-04
ORD0264,Masculino,Leste,59,Smartphone,Eletrônicos,1658.43,2,1600.0,11.59,2023-02-01
ORD0053,Feminino,Norte,25,Smartwatch,Relógios,200.0,1,200.0,14.9,2023-08-14
ORD0154,Feminino,Leste,31,Smartphone,Eletrônicos,800.0,1,800.0,19.22,2023-12-07
ORD0190,Masculino,Norte,28,Keyboard,Acessórios,50.0,4,200.0,15.31,2023-06-28
ORD0038,Feminino,Leste,57,Monitor,Eletrônicos,300.0,2,600.0,12.38,2023-11-17
ORD0288,Feminino,Sul,51,Laptop,Eletrônicos,1500.0,4,6000.0,12.91,2023-01-25
ORD0124,Feminino,Sul,53,Monitor,Eletrônicos,300.0,2,600.0,18.38,2023-09-05
ORD0298,Feminino,Sul,58,Headphones,Acessórios,100.0,5,500.0,7.41,2023-09-17
ORD0211,Feminino,Sul,35,Mouse,Acessórios,30.0,3,90.0,11.42,2023-12-25
ORD0060,Masculino,Norte,41,Laptop,Eletrônicos,1500.0,4,6000.0,7.13,2023-01-14
ORD0284,Feminino,Oeste,64,Monitor,Eletrônicos,300.0,1,300.0,6.55,2023-08-01
ORD0282,Masculino,Norte,23,Smartphone,Eletrônicos,800.0,2,1600.0,9.72,2023-02-12
ORD0205,Feminino,Sul,43,Monitor,Eletrônicos,300.0,2,600.0,18.27,2023-05-18
ORD0222,Feminino,Norte,61,Smartphone,Eletrônicos,800.0,2,1600.0,6.01,2023-10-03
ORD0299,Masculino,Leste,58,Keyboard,Acessórios,50.0,2,100.0,9.57,2023-08-30
ORD0064,Masculino,Oeste,61,Monitor,Eletrônicos,300.0,1,300.0,13.82,2023-09-15
ORD0073,Masculino,Leste,19,Keyboard,Acessórios,50.0,4,200.0,5.32,2023-02-14
ORD0154,Masculino,Norte,31,Keyboard,Acessórios,50.0,3,150.0,7.46,2023-02-27
ORD0081,Masculino,Norte,38,Monitor,Eletrônicos,300.0,1,300.0,17.22,2023-08-13
ORD0247,Masculino,Leste,44,Headphones,Acessórios,100.0,2,200.0,8.15,2023-05-09
ORD0130,Masculino,Leste,68,Monitor,Eletrônicos,300.0,2,600.0,9.56,2023-12-23
ORD0178,Masculino,Oeste,44,Smartwatch,Relógios,200.0,3,600.0,18.09,2023-10-28
ORD0131,Feminino,Oeste,67,Laptop,Eletrônicos,1500.0,4,6000.0,7.01,2023-09-01
ORD0070,Masculino,Oeste,23,Monitor,Eletrônicos,300.0,3,900.0,12.58,2023-04-16
ORD0122,Masculino,Oeste,68,Headphones,Acessórios,100.0,2,200.0,13.49,2023-12-13
ORD0168,Feminino,Leste,42,Monitor,Eletrônicos,300.0,4,1200.0,18.15,2023-03-27
ORD0176,Masculino,Sul,51,Laptop,Eletrônicos,1500.0,2,3000.0,7.43,2023-11-16
ORD0064,Feminino,Oeste,61,Laptop,Eletrônicos,1500.0,2,3000.0,5.42,2023-06-14
ORD0125,Feminino,Sul,46,Smartphone,Eletrônicos,800.0,5,4000.0,10.62,2023-01-26
ORD0165,Feminino,Oeste,49,Keyboard,Acessórios,50.0,4,200.0,19.72,2023-12-25
ORD0057,Masculino,Norte,62,Keyboard,Acessórios,50.0,4,200.0,12.79,2023-09-29
ORD0207,Masculino,Sul,54,Laptop,Eletrônicos,1500.0,1,1500.0,5.16,2023-03-14
ORD0167,Feminino,Norte,67,Headphones,Acessórios,100.0,2,200.0,11.65,2023-12-14
ORD0006,Masculino,Sul,52,Laptop,Eletrônicos,1500.0,5,7500.0,19.69,2023-09-17
ORD0041,Masculino,Leste,64,Smartphone,Eletrônicos,800.0,4,3200.0,17.27,2023-08-08
ORD0112,Masculino,Norte,33,Monitor,Eletrônicos,300.0,4,1200.0,14.88,2023-04-12
ORD0244,Feminino,Oeste,24,Headphones,Acessórios,100.0,3,300.0,8.49,2023-02-21
ORD0218,Masculino,Leste,36,Headphones,Acessórios,100.0,2,200.0,7.71,2023-11-03
ORD0073,Masculino,Norte,19,Monitor,Eletrônicos,300.0,5,1500.0,13.7,2023-01-16
ORD0083,Masculino,Leste,28,Monitor,Eletrônicos,300.0,1,300.0,17.98,2024-01-03
ORD0065,Feminino,Leste,46,Headphones,Acessórios,100.0,2,200.0,13.06,2023-02-05
ORD0096,Feminino,Sul,61,Smartphone,Eletrônicos,800.0,4,3200.0,11.79,2023-02-07
ORD0060,Masculino,Sul,41,Keyboard,Acessórios,50.0,4,200.0,19.12,2023-04-03
ORD0045,Masculino,Leste,21,Mouse,Acessórios,30.0,1,30.0,6.17,2023-10-23
ORD0296,Feminino,Norte,50,Keyboard,Acessórios,50.0,2,100.0,13.82,2023-07-25
ORD0261,Masculino,Oeste,48,Laptop,Eletrônicos,1500.0,5,7500.0,15.95,2023-10-01
ORD0077,Masculino,Sul,50,Keyboard,Acessórios,50.0,5,250.0,10.89,2023-03-19
ORD0227,Feminino,Oeste,54,Keyboard,Acessórios,50.0,4,200.0,9.22,2023-10-05
ORD0284,Feminino,Norte,64,Keyboard,Acessórios,50.0,3,150.0,17.76,2023-04-11
ORD0245,Masculino,Norte,63,Mouse,Acessórios,30.0,1,30.0,13.28,2023-09-11
ORD0133,Feminino,Norte,47,Smartphone,Eletrônicos,800.0,1,800.0,11.29,2023-10-28
ORD0179,Masculino,Norte,45,Keyboard,Acessórios,50.0,2,100.0,19.04,2023-03-16
ORD0022,Feminino,Norte,33,Smartwatch,Relógios,200.0,2,400.0,10.07,2023-11-21
ORD0269,Feminino,Leste,64,Laptop,Eletrônicos,1500.0,5,7500.0,6.53,2023-12-03
ORD0181,Masculino,Leste,59,Smartwatch,Relógios,200.0,3,600.0,9.82,2023-02-08
ORD0170,Feminino,Sul,40,Mouse,Acessórios,30.0,5,150.0,8.64,2023-12-22
ORD0182,Masculino,Oeste,24,Monitor,Eletrônicos,300.0,5,1500.0,7.77,2023-10-24
ORD0219,Masculino,Oeste,48,Mouse,Acessórios,62.19,2,60.0,7.4,2023-08-20
ORD0037,Masculino,Oeste,51,Keyboard,Acessórios,103.65,4,200.0,11.41,2023-05-20
ORD0006,Feminino,Oeste,52,Monitor,Eletrônicos,300.0,3,900.0,5.66,2023-02-18
ORD0125,Feminino,Oeste,46,Mouse,Acessórios,30.0,4,120.0,5.71,2024-01-03
ORD0006,Masculino,Norte,52,Smartwatch,Relógios,200.0,1,200.0,13.68,2023-08-02
ORD0091,Feminino,Sul,30,Mouse,Acessórios,30.0,1,30.0,18.29,2023-04-19
ORD0064,Masculino,Norte,61,Smartphone,Eletrônicos,800.0,5,4000.0,6.31,2023-06-29
ORD0286,Feminino,Norte,63,Laptop,Eletrônicos,1500.0,1,1500.0,13.15,2023-03-08
ORD0288,Masculino,Oeste,55,Headphones,Acessórios,100.0,2,200.0,16.23,2023-07-04
ORD0019,Feminino,Leste,69,Keyboard,Acessórios,50.0,1,50.0,14.53,2023-04-23
ORD0236,Masculino,Leste,18,Keyboard,Acessórios,50.0,2,100.0,11.25,2023-03-24
ORD0159,Masculino,Oeste,18,Keyboard,Acessórios,50.0,5,250.0,11.11,2023-09-11
ORD0251,Masculino,Norte,42,Mouse,Acessórios,30.0,2,60.0,18.98,2023-02-02
ORD0159,Masculino,Norte,18,Headphones,Acessórios,100.0,1,100.0,18.47,2023-08-13
ORD0064,Masculino,Oeste,61,Monitor,Eletrônicos,300.0,4,1200.0,18.5,2023-05-23
ORD0099,Feminino,Sul,26,Laptop,Eletrônicos,1500.0,4,6000.0,15.74,2023-08-12
ORD0228,Masculino,Norte,25,Smartphone,Eletrônicos,800.0,4,3200.0,18.2,2023-01-24
ORD0024,Feminino,Leste,57,Smartwatch,Relógios,200.0,2,400.0,17.94,2023-12-08
ORD0113,Masculino,Sul,38,Smartphone,Eletrônicos,800.0,2,1600.0,16.51,2023-09-14
ORD0192,Feminino,Norte,58,Smartwatch,Relógios,200.0,4,800.0,9.97,2023-11-12
ORD0153,Feminino,Leste,40,Monitor,Eletrônicos,300.0,1,300.0,6.85,2023-06-21
ORD0057,Feminino,Leste,62,Keyboard,Acessórios,50.0,5,250.0,14.04,2024-01-03
ORD0192,Masculino,Sul,58,Keyboard,Acessórios,50.0,3,150.0,6.37,2024-01-03
ORD0150,Feminino,Norte,63,Laptop,Eletrônicos,1500.0,3,4500.0,18.66,2023-05-06
ORD0203,Masculino,Sul,33,Mouse,Acessórios,30.0,1,30.0,7.78,2023-01-03
ORD0163,Feminino,Norte,22,Headphones,Acessórios,100.0,3,300.0,6.16,2023-10-12
ORD0203,Feminino,Leste,33,Laptop,Eletrônicos,1500.0,3,4500.0,6.92,2023-06-26
ORD0223,Feminino,Norte,20,Mouse,Acessórios,62.19,2,60.0,15.12,2023-05-26
ORD0266,Masculino,Norte,54,Mouse,Acessórios,30.0,5,150.0,16.86,2023-11-08
ORD0227,Masculino,Oeste,54,Smartphone,Eletrônicos,800.0,3,2400.0,18.76,2023-12-07
ORD0289,Masculino,Oeste,37,Laptop,Eletrônicos,1500.0,5,7500.0,6.68,2023-07-06
ORD0046,Feminino,Sul,22,Laptop,Eletrônicos,1500.0,3,4500.0,11.69,2023-06-20
ORD0173,Masculino,Sul,65,Headphones,Acessórios,100.0,1,100.0,19.28,2023-02-11
ORD0008,Feminino,Norte,39,Headphones,Acessórios,100.0,5,500.0,16.04,2023-02-02
ORD0015,Masculino,Oeste,58,Headphones,Acessórios,100.0,3,300.0,6.08,2023-03-22
ORD0002,Masculino,Leste,23,Smartphone,Eletrônicos,800.0,1,800.0,12.64,2023-09-10
ORD0189,Feminino,Sul,38,Mouse,Acessórios,30.0,1,30.0,10.92,2023-02-22
ORD0137,Masculino,Norte,19,Smartphone,Eletrônicos,800.0,3,2400.0,16.82,2023-05-20
ORD0139,Masculino,Sul,54,Smartwatch,Relógios,200.0,2,400.0,9.18,2023-06-26
ORD0033,Feminino,Sul,53,Monitor,Eletrônicos,300.0,2,600.0,15.3,2023-04-12
ORD0297,Masculino,Norte,61,Monitor,Eletrônicos,300.0,2,600.0,13.84,2023-10-10
ORD0008,Feminino,Norte,18,Keyboard,Acessórios,50.0,3,150.0,13.86,2023-05-29
ORD0267,Masculino,Norte,29,Laptop,Eletrônicos,1500.0,3,4500.0,14.23,2023-06-01
ORD0028,Masculino,Leste,50,Smartwatch,Relógios,200.0,5,1000.0,6.09,2023-08-22
ORD0078,Feminino,Norte,38,Laptop,Eletrônicos,1500.0,3,4500.0,19.98,2023-05-10
ORD0003,Masculino,Norte,63,Smartphone,Eletrônicos,800.0,5,4000.0,11.1,2023-11-06
ORD0049,Feminino,Norte,59,Laptop,Eletrônicos,1500.0,1,1500.0,12.63,2023-02-06
ORD0212,Feminino,Norte,66,Laptop,Eletrônicos,1500.0,5,7500.0,10.18,2023-11-18
ORD0146,Masculino,Norte,47,Smartphone,Eletrônicos,800.0,1,800.0,10.16,2023-01-13
ORD0082,Feminino,Sul,36,Smartwatch,Relógios,200.0,1,200.0,6.03,2023-04-21
ORD0036,Feminino,Norte,33,Keyboard,Acessórios,50.0,1,50.0,6.06,2023-08-02
ORD0155,Feminino,Norte,41,Laptop,Eletrônicos,1500.0,2,3000.0,9.21,2023-02-02
ORD0138,Masculino,Norte,46,Keyboard,Acessórios,50.0,3,150.0,5.09,2023-03-16
ORD0201,Feminino,Norte,49,Mouse,Acessórios,30.0,2,60.0,8.39,2023-11-03
ORD0197,Feminino,Oeste,54,Mouse,Acessórios,30.0,2,60.0,8.59,2023-06-04
ORD0082,Masculino,Oeste,30,Laptop,Eletrônicos,1500.0,1,1500.0,9.98,2023-12-04
ORD0091,Masculino,Leste,30,Laptop,Eletrônicos,1500.0,5,7500.0,7.58,2023-09-26
ORD0066,Masculino,Oeste,37,Laptop,Eletrônicos,1500.0,2,3000.0,5.69,2023-01-18
ORD0026,Feminino,Leste,27,Monitor,Eletrônicos,300.0,1,300.0,16.61,2023-11-23
ORD0078,Feminino,Oeste,38,Smartwatch,Relógios,200.0,4,800.0,18.89,2023-05-03
ORD0281,Masculino,Oeste,44,Keyboard,Acessórios,50.0,4,200.0,19.81,2023-08-27
ORD0299,Masculino,Oeste,58,Headphones,Acessórios,100.0,5,500.0,14.5,2023-01-16
ORD0053,Feminino,Leste,25,Smartwatch,Relógios,200.0,5,1000.0,16.41,2023-07-25
ORD0239,Masculino,Norte,35,Smartwatch,Relógios,200.0,1,200.0,7.32,2023-11-18
ORD0069,Masculino,Leste,19,Headphones,Acessórios,100.0,3,300.0,10.81,2023-12-07
ORD0245,Masculino,Oeste,63,Mouse,Acessórios,30.0,3,90.0,13.95,2023-05-15
ORD0258,Feminino,Sul,39,Monitor,Eletrônicos,300.0,4,1200.0,9.55,2023-05-16
ORD0177,Masculino,Sul,29,Smartwatch,Relógios,200.0,3,600.0,13.87,2023-03-18
ORD0140,Masculino,Leste,62,Headphones,Acessórios,100.0,2,200.0,10.96,2023-03-08
ORD0089,Feminino,Norte,27,Mouse,Acessórios,30.0,3,90.0,6.45,2023-09-19
ORD0168,Feminino,Oeste,42,Smartphone,Eletrônicos,800.0,2,1600.0,13.79,2023-09-25
ORD0176,Masculino,Leste,51,Laptop,Eletrônicos,1500.0,3,4500.0,16.42,2023-10-28
ORD0089,Feminino,Sul,27,Monitor,Eletrônicos,300.0,3,900.0,7.99,2023-02-21
ORD0281,Feminino,Oeste,44,Keyboard,Acessórios,50.0,2,100.0,6.45,2023-08-28
ORD0044,Masculino,Leste,30,Mouse,Acessórios,30.0,5,150.0,16.62,2023-10-28
ORD0137,Feminino,Sul,23,Monitor,Eletrônicos,300.0,5,1500.0,6.0,2023-11-08
ORD0174,Feminino,Leste,68,Laptop,Eletrônicos,1500.0,1,1500.0,16.34,2023-05-07
ORD0141,Feminino,Leste,58,Mouse,Acessórios,30.0,1,30.0,12.22,2023-10-03
ORD0202,Masculino,Sul,56,Mouse,Acessórios,30.0,3,90.0,5.07,2023-01-05
ORD0259,Masculino,Oeste,59,Laptop,Eletrônicos,1500.0,2,3000.0,7.5,2023-08-22
ORD0045,Feminino,Leste,21,Smartphone,Eletrônicos,800.0,3,2400.0,15.78,2023-11-07
ORD0168,Feminino,Oeste,42,Keyboard,Acessórios,50.0,1,50.0,15.92,2023-06-24
ORD0027,Feminino,Oeste,36,Keyboard,Acessórios,50.0,5,250.0,11.09,2023-06-06
ORD0228,Masculino,Sul,25,Mouse,Acessórios,30.0,4,120.0,18.6,2023-06-29
ORD0199,Feminino,Sul,41,Smartphone,Eletrônicos,800.0,4,3200.0,16.45,2023-01-18
ORD0065,Masculino,Norte,41,Headphones,Acessórios,100.0,5,500.0,19.62,2023-03-04
ORD0146,Feminino,Leste,47,Laptop,Eletrônicos,1500.0,3,4500.0,8.87,2023-09-11
ORD0093,Masculino,Norte,66,Monitor,Eletrônicos,300.0,1,300.0,16.58,2023-02-27
ORD0168,Feminino,Sul,42,Monitor,Eletrônicos,300.0,1,300.0,14.7,2023-11-16
ORD0216,Masculino,Sul,53,Smartphone,Eletrônicos,800.0,2,1600.0,16.23,2023-07-19
ORD0062,Masculino,Oeste,43,Headphones,Acessórios,100.0,4,400.0,11.4,2023-04-24
ORD0125,Masculino,Oeste,46,Smartphone,Eletrônicos,800.0,5,4000.0,19.08,2023-05-01
ORD0060,Masculino,Leste,41,Keyboard,Acessórios,50.0,1,50.0,5.56,2023-06-26
ORD0056,Feminino,Sul,23,Smartwatch,Relógios,200.0,2,400.0,5.73,2024-01-03
ORD0247,Masculino,Sul,44,Smartphone,Eletrônicos,800.0,1,800.0,7.11,2023-01-19
ORD0131,Feminino,Leste,67,Monitor,Eletrônicos,300.0,1,300.0,15.92,2023-05-03
ORD0114,Feminino,Oeste,60,Monitor,Eletrônicos,300.0,3,900.0,18.61,2023-07-21
ORD0082,Feminino,Oeste,37,Smartphone,Eletrônicos,800.0,4,3200.0,13.77,2023-10-11
ORD0184,Feminino,Oeste,54,Mouse,Acessórios,30.0,3,90.0,14.78,2023-06-15
ORD0075,Feminino,Sul,56,Monitor,Eletrônicos,300.0,2,600.0,13.6,2023-08-16
ORD0142,Masculino,Leste,32,Monitor,Eletrônicos,300.0,1,300.0,15.5,2023-04-14
ORD0076,Masculino,Leste,26,Headphones,Acessórios,100.0,5,500.0,16.96,2023-10-24
ORD0105,Masculino,Leste,27,Smartwatch,Relógios,200.0,5,1000.0,12.0,2023-07-14
ORD0004,Feminino,Oeste,65,Keyboard,Acessórios,50.0,3,150.0,19.62,2023-12-06
ORD0127,Masculino,Norte,62,Smartwatch,Relógios,200.0,2,400.0,11.66,2023-08-31
ORD0072,Masculino,Sul,21,Headphones,Acessórios,100.0,1,100.0,11.24,2023-09-02
ORD0216,Masculino,Norte,53,Smartphone,Eletrônicos,800.0,4,3200.0,6.27,2023-04-06
ORD0156,Feminino,Sul,57,Smartphone,Eletrônicos,800.0,4,3200.0,16.09,2023-12-29
ORD0052,Masculino,Norte,66,Mouse,Acessórios,30.0,4,120.0,8.24,2023-06-09
ORD0226,Feminino,Oeste,55,Smartphone,Eletrônicos,800.0,4,3200.0,17.91,2023-06-14
ORD0270,Feminino,Oeste,64,Laptop,Eletrônicos,1500.0,1,1500.0,18.88,2023-07-14
ORD0269,Masculino,Norte,64,Monitor,Eletrônicos,621.91,5,1500.0,6.93,2023-04-23
ORD0183,Feminino,Oeste,42,Smartphone,Eletrônicos,800.0,3,2400.0,7.22,2023-10-21
ORD0205,Masculino,Sul,43,Keyboard,Acessórios,50.0,2,100.0,5.05,2023-10-09
ORD0080,Feminino,Leste,51,Headphones,Acessórios,100.0,1,100.0,19.84,2023-05-27
ORD0208,Feminino,Oeste,57,Laptop,Eletrônicos,1500.0,1,1500.0,16.28,2023-02-01
ORD0186,Feminino,Oeste,55,Mouse,Acessórios,30.0,5,150.0,17.36,2023-05-07
ORD0109,Feminino,Sul,57,Mouse,Acessórios,30.0,1,30.0,9.59,2023-03-12
ORD0028,Feminino,Leste,50,Headphones,Acessórios,100.0,5,500.0,16.11,2023-11-07
ORD0083,Masculino,Oeste,28,Keyboard,Acessórios,50.0,2,100.0,9.48,2023-09-14
ORD0027,Feminino,Sul,36,Monitor,Eletrônicos,300.0,2,600.0,18.44,2023-03-19
ORD0203,Feminino,Sul,33,Keyboard,Acessórios,50.0,5,250.0,8.43,2023-10-05
ORD0095,Feminino,Leste,20,Laptop,Eletrônicos,1500.0,5,7500.0,7.38,2023-06-18
ORD0204,Masculino,Norte,54,Smartphone,Eletrônicos,800.0,2,1600.0,6.45,2023-03-16
ORD0165,Masculino,Oeste,49,Keyboard,Acessórios,50.0,1,50.0,8.97,2023-05-23
ORD0269,Masculino,Norte,64,Headphones,Acessórios,100.0,3,300.0,11.64,2023-11-24
ORD0134,Masculino,Norte,22,Monitor,Eletrônicos,621.91,5,1500.0,7.22,2023-08-05
ORD0116,Feminino,Leste,37,Headphones,Acessórios,100.0,2,200.0,15.13,2023-01-23
ORD0137,Feminino,Oeste,19,Smartphone,Eletrônicos,800.0,3,2400.0,11.21,2023-08-01
ORD0100,Masculino,Oeste,29,Keyboard,Acessórios,50.0,2,100.0,5.18,2023-04-14
ORD0282,Masculino,Norte,68,Smartwatch,Relógios,200.0,3,600.0,7.93,2023-06-22
ORD0094,Masculino,Norte,30,Laptop,Eletrônicos,1500.0,1,1500.0,14.53,2023-04-18
ORD0194,Feminino,Oeste,61,Mouse,Acessórios,62.19,1,30.0,10.41,2023-01-28
ORD0174,Feminino,Norte,45,Smartphone,Eletrônicos,800.0,4,3200.0,9.45,2023-05-08
ORD0273,Feminino,Sul,63,Laptop,Eletrônicos,1500.0,2,3000.0,9.01,2023-06-07
ORD0188,Masculino,Norte,29,Smartphone,Eletrônicos,800.0,5,4000.0,6.06,2023-02-24
ORD0109,Masculino,Oeste,57,Keyboard,Acessórios,50.0,3,150.0,11.12,2023-02-16
ORD0081,Masculino,Oeste,38,Smartwatch,Relógios,200.0,3,600.0,19.89,2023-08-07
ORD0298,Masculino,Norte,58,Smartphone,Eletrônicos,800.0,4,3200.0,18.55,2023-04-04
ORD0189,Feminino,Leste,38,Monitor,Eletrônicos,300.0,1,300.0,11.89,2023-05-01
ORD0092,Feminino,Leste,32,Smartphone,Eletrônicos,800.0,3,2400.0,14.12,2023-09-28
ORD0254,Feminino,Oeste,69,Mouse,Acessórios,30.0,2,60.0,7.56,2023-12-25
ORD0150,Masculino,Sul,63,Headphones,Acessórios,100.0,4,400.0,11.39,2023-05-06
ORD0264,Feminino,Oeste,59,Keyboard,Acessórios,103.65,4,200.0,10.49,2023-08-21
ORD0105,Masculino,Oeste,27,Headphones,Acessórios,100.0,3,300.0,17.92,2023-03-13
ORD0253,Feminino,Oeste,51,Laptop,Eletrônicos,1500.0,1,1500.0,12.36,2023-02-28
ORD0188,Masculino,Oeste,29,Monitor,Eletrônicos,300.0,4,1200.0,8.15,2023-07-26
ORD0052,Masculino,Leste,66,Monitor,Eletrônicos,300.0,2,600.0,19.1,2023-07-02
ORD0204,Masculino,Leste,54,Smartwatch,Relógios,200.0,5,1000.0,10.03,2023-10-17
ORD0180,Masculino,Leste,68,Monitor,Eletrônicos,300.0,3,900.0,5.0,2023-10-18
ORD0189,Feminino,Oeste,37,Laptop,Eletrônicos,1500.0,3,4500.0,9.92,2023-04-06
ORD0023,Feminino,Sul,29,Monitor,Eletrônicos,300.0,3,900.0,18.32,2023-07-20
ORD0263,Feminino,Oeste,40,Smartwatch,Relógios,200.0,1,200.0,8.82,2023-04-08
ORD0195,Masculino,Oeste,48,Keyboard,Acessórios,50.0,3,150.0,16.84,2023-01-08
ORD0272,Feminino,Oeste,52,Laptop,Eletrônicos,1500.0,5,7500.0,9.45,2023-05-13
ORD0256,Masculino,Leste,69,Monitor,Eletrônicos,300.0,4,1200.0,8.25,2023-08-15
ORD0131,Masculino,Norte,67,Smartphone,Eletrônicos,800.0,4,3200.0,14.61,2023-09-18
ORD0279,Feminino,Norte,59,Mouse,Acessórios,30.0,1,30.0,6.08,2023-02-15
ORD0250,Feminino,Oeste,64,Smartwatch,Relógios,200.0,2,400.0,15.94,2023-11-28
ORD0012,Masculino,Leste,55,Mouse,Acessórios,30.0,3,90.0,16.49,2023-07-29
ORD0127,Feminino,Sul,62,Smartphone,Eletrônicos,800.0,4,3200.0,6.66,2023-07-10
ORD0128,Feminino,Norte,52,Monitor,Eletrônicos,621.91,3,900.0,11.04,2023-10-25
ORD0155,Masculino,Oeste,41,Headphones,Acessórios,100.0,3,300.0,11.98,2023-06-12
ORD0115,Masculino,Sul,53,Headphones,Acessórios,100.0,5,500.0,5.93,2023-07-22
ORD0115,Masculino,Oeste,53,Smartwatch,Relógios,200.0,5,1000.0,19.43,2023-06-25
ORD0282,Masculino,Leste,68,Smartphone,Eletrônicos,800.0,3,2400.0,8.23,2023-11-29
ORD0158,Masculino,Oeste,51,Smartphone,Eletrônicos,800.0,1,800.0,18.58,2023-10-03
ORD0088,Feminino,Sul,66,Laptop,Eletrônicos,1500.0,1,1500.0,13.16,2023-02-06
ORD0124,Masculino,Sul,53,Monitor,Eletrônicos,300.0,2,600.0,8.51,2023-05-17
ORD0055,Feminino,Norte,45,Smartwatch,Relógios,200.0,2,400.0,10.82,2023-09-23
ORD0201,Feminino,Sul,49,Laptop,Eletrônicos,1500.0,3,4500.0,17.62,2023-12-25
ORD0256,Feminino,Oeste,69,Mouse,Acessórios,30.0,5,150.0,9.07,2023-02-19
ORD0055,Masculino,Leste,45,Keyboard,Acessórios,50.0,1,50.0,11.27,2023-09-13
ORD0076,Masculino,Sul,26,Monitor,Eletrônicos,300.0,4,1200.0,6.9,2023-11-05
ORD0273,Masculino,Sul,55,Monitor,Eletrônicos,300.0,3,900.0,7.31,2023-01-15
ORD0022,Feminino,Leste,33,Mouse,Acessórios,30.0,1,30.0,15.29,2023-02-27
ORD0204,Masculino,Leste,54,Laptop,Eletrônicos,1500.0,2,3000.0,12.68,2023-05-11
ORD0194,Feminino,Sul,61,Mouse,Acessórios,30.0,1,30.0,19.54,2023-04-16
ORD0138,Masculino,Leste,46,Smartphone,Eletrônicos,800.0,4,3200.0,17.82,2023-03-17
ORD0071,Feminino,Norte,46,Mouse,Acessórios,30.0,4,120.0,10.01,2023-04-11
ORD0044,Feminino,Norte,30,Keyboard,Acessórios,50.0,4,200.0,16.61,2023-10-16
ORD0273,Masculino,Sul,55,Headphones,Acessórios,100.0,4,400.0,18.99,2023-10-16
ORD0196,Feminino,Leste,37,Headphones,Acessórios,100.0,4,400.0,11.4,2023-02-22
ORD0212,Feminino,Leste,62,Mouse,Acessórios,30.0,2,60.0,8.36,2023-07-17
ORD0106,Feminino,Leste,52,Mouse,Acessórios,30.0,5,150.0,10.03,2023-06-30
ORD0133,Masculino,Norte,47,Headphones,Acessórios,100.0,3,300.0,15.0,2023-07-09
ORD0262,Masculino,Oeste,27,Mouse,Acessórios,30.0,4,120.0,16.05,2023-05-07
ORD0280,Feminino,Leste,44,Keyboard,Acessórios,50.0,4,200.0,12.3,2023-03-22
ORD0074,Masculino,Norte,36,Smartwatch,Relógios,200.0,2,400.0,12.03,2023-08-28
ORD0300,Feminino,Leste,42,Mouse,Acessórios,30.0,3,90.0,11.56,2023-01-17
ORD0027,Feminino,Norte,36,Laptop,Eletrônicos,1500.0,4,6000.0,11.21,2023-10-16
ORD0016,Masculino,Sul,61,Smartphone,Eletrônicos,800.0,1,800.0,17.43,2023-01-10
ORD0152,Masculino,Sul,69,Smartphone,Eletrônicos,800.0,3,2400.0,13.57,2023-03-25
ORD0278,Feminino,Leste,52,Smartwatch,Relógios,200.0,3,600.0,10.21,2023-01-29
ORD0095,Feminino,Sul,60,Smartphone,Eletrônicos,800.0,5,4000.0,18.75,2023-01-19
ORD0229,Masculino,Oeste,45,Monitor,Eletrônicos,300.0,1,300.0,16.7,2023-09-16
ORD0128,Masculino,Oeste,52,Monitor,Eletrônicos,300.0,1,300.0,14.67,2023-07-21
ORD0032,Feminino,Sul,63,Monitor,Eletrônicos,300.0,5,1500.0,18.0,2023-03-21
ORD0283,Feminino,Sul,67,Keyboard,Acessórios,50.0,5,250.0,10.04,2023-05-03
ORD0238,Masculino,Oeste,26,Keyboard,Acessórios,50.0,4,200.0,10.23,2023-01-24
ORD0051,Masculino,Oeste,41,Smartwatch,Relógios,200.0,4,800.0,8.56,2024-01-03
ORD0144,Feminino,Sul,59,Smartphone,Eletrônicos,800.0,5,4000.0,10.52,2023-12-01
ORD0134,Masculino,Sul,58,Monitor,Eletrônicos,300.0,5,1500.0,19.72,2023-05-16
ORD0129,Masculino,Sul,66,Mouse,Acessórios,30.0,2,60.0,9.19,2023-05-07
ORD0148,Feminino,Oeste,67,Headphones,Acessórios,100.0,2,200.0,19.58,2023-06-01
ORD0211,Masculino,Norte,35,Smartphone,Eletrônicos,800.0,5,4000.0,15.61,2023-01-27
ORD0272,Masculino,Sul,52,Keyboard,Acessórios,50.0,2,100.0,13.78,2023-09-04
ORD0092,Feminino,Leste,32,Mouse,Acessórios,30.0,5,150.0,15.68,2023-11-06
ORD0203,Feminino,Oeste,33,Smartwatch,Relógios,200.0,1,200.0,14.86,2023-09-24
ORD0109,Masculino,Norte,57,Smartwatch,Relógios,200.0,1,200.0,13.34,2023-09-08
ORD0204,Feminino,Sul,54,Laptop,Eletrônicos,1500.0,5,7500.0,5.02,2023-08-28
ORD0291,Masculino,Oeste,49,Smartwatch,Relógios,200.0,4,800.0,18.56,2023-03-18
ORD0153,Feminino,Sul,40,Headphones,Acessórios,100.0,5,500.0,14.22,2023-02-02
ORD0220,Masculino,Norte,67,Headphones,Acessórios,100.0,5,500.0,13.85,2023-03-15
ORD0199,Feminino,Norte,41,Mouse,Acessórios,30.0,3,90.0,18.37,2024-01-03
ORD0245,Masculino,Oeste,63,Smartphone,Eletrônicos,800.0,2,1600.0,19.63,2023-12-27
ORD0228,Masculino,Norte,25,Smartphone,Eletrônicos,800.0,1,800.0,5.64,2023-09-23
ORD0106,Masculino,Norte,50,Laptop,Eletrônicos,1500.0,5,7500.0,15.14,2023-06-08
ORD0174,Masculino,Oeste,68,Mouse,Acessórios,30.0,4,120.0,14.02,2023-09-13
ORD0161,Masculino,Oeste,62,Smartwatch,Relógios,200.0,3,600.0,17.9,2023-01-03
ORD0204,Masculino,Sul,54,Smartphone,Eletrônicos,800.0,1,800.0,7.77,2023-07-23
ORD0062,Masculino,Oeste,43,Smartwatch,Relógios,200.0,2,400.0,13.02,2023-10-08
ORD0114,Masculino,Sul,60,Keyboard,Acessórios,50.0,1,50.0,6.25,2023-02-06
ORD0102,Masculino,Oeste,25,Monitor,Eletrônicos,300.0,3,900.0,9.94,2023-10-21
ORD0140,Masculino,Leste,50,Smartphone,Eletrônicos,800.0,1,800.0,10.36,2023-05-25
ORD0142,Feminino,Sul,32,Smartphone,Eletrônicos,800.0,1,800.0,8.45,2023-04-28
ORD0016,Masculino,Leste,61,Smartphone,Eletrônicos,800.0,2,1600.0,19.07,2023-10-03
ORD0023,Masculino,Sul,39,Keyboard,Acessórios,50.0,5,250.0,10.03,2023-11-01
ORD0008,Feminino,Oeste,18,Mouse,Acessórios,30.0,4,120.0,8.76,2023-06-30
ORD0268,Masculino,Norte,21,Monitor,Eletrônicos,300.0,2,600.0,5.69,2023-08-03
ORD0162,Masculino,Leste,69,Headphones,Acessórios,100.0,1,100.0,6.43,2023-05-26
ORD0121,Feminino,Oeste,66,Smartwatch,Relógios,200.0,5,1000.0,19.19,2023-09-19
ORD0047,Feminino,Oeste,41,Smartwatch,Relógios,200.0,3,600.0,10.92,2023-06-18
ORD0148,Masculino,Leste,67,Keyboard,Acessórios,50.0,5,250.0,11.17,2023-03-03
ORD0251,Feminino,Leste,42,Smartphone,Eletrônicos,800.0,3,2400.0,10.65,2023-11-18
ORD0028,Feminino,Oeste,50,Monitor,Eletrônicos,300.0,1,300.0,14.36,2023-08-05
ORD0174,Feminino,Leste,68,Headphones,Acessórios,100.0,4,400.0,11.92,2023-10-31
ORD0296,Feminino,Leste,50,Smartphone,Eletrônicos,800.0,5,4000.0,13.43,2023-08-11
ORD0085,Masculino,Sul,41,Smartphone,Eletrônicos,800.0,1,800.0,16.2,2023-11-25
ORD0281,Masculino,Oeste,44,Laptop,Eletrônicos,1500.0,5,7500.0,7.21,2023-11-21
ORD0010,Feminino,Leste,37,Headphones,Acessórios,100.0,3,300.0,7.41,2023-03-27
ORD0186,Feminino,Oeste,55,Laptop,Eletrônicos,1500.0,1,1500.0,19.04,2023-10-20
ORD0281,Feminino,Norte,44,Laptop,Eletrônicos,1500.0,2,3000.0,9.87,2023-11-27
ORD0031,Feminino,Leste,67,Smartphone,Eletrônicos,800.0,5,4000.0,9.6,2023-10-22
ORD0270,Feminino,Leste,27,Headphones,Acessórios,100.0,3,300.0,13.33,2023-02-10
ORD0039,Feminino,Norte,60,Smartphone,Eletrônicos,800.0,2,1600.0,19.2,2023-08-11
ORD0063,Masculino,Sul,20,Keyboard,Acessórios,50.0,1,50.0,17.61,2023-08-13
ORD0097,Feminino,Leste,34,Smartwatch,Relógios,200.0,1,200.0,17.66,2023-05-21
ORD0067,Feminino,Norte,19,Laptop,Eletrônicos,1500.0,4,6000.0,14.45,2023-11-08
ORD0124,Feminino,Leste,32,Smartphone,Eletrônicos,800.0,4,3200.0,19.17,2023-06-17
ORD0284,Feminino,Sul,64,Monitor,Eletrônicos,300.0,3,900.0,19.12,2023-06-17
ORD0010,Masculino,Oeste,37,Monitor,Eletrônicos,300.0,1,300.0,9.72,2023-03-30
ORD0276,Feminino,Oeste,66,Monitor,Eletrônicos,300.0,1,300.0,18.63,2023-11-01
ORD0256,Masculino,Sul,69,Smartphone,Eletrônicos,800.0,3,2400.0,5.26,2023-10-07
ORD0221,Feminino,Sul,33,Mouse,Acessórios,30.0,2,60.0,15.69,2023-10-21
ORD0062,Feminino,Oeste,43,Monitor,Eletrônicos,300.0,3,900.0,8.58,2023-11-02
ORD0219,Feminino,Sul,48,Headphones,Acessórios,207.3,1,100.0,9.55,2023-01-23
ORD0053,Masculino,Sul,25,Keyboard,Acessórios,50.0,3,150.0,11.95,2023-10-18
ORD0144,Feminino,Sul,54,Smartphone,Eletrônicos,800.0,4,3200.0,7.86,2023-08-07
ORD0081,Masculino,Sul,38,Monitor,Eletrônicos,300.0,5,1500.0,12.67,2023-01-05
ORD0044,Feminino,Sul,30,Monitor,Eletrônicos,300.0,2,600.0,16.31,2023-07-25
ORD0055,Feminino,Sul,45,Smartwatch,Relógios,200.0,3,600.0,18.24,2023-11-25
ORD0272,Masculino,Norte,52,Mouse,Acessórios,30.0,3,90.0,11.88,2023-05-18
ORD0126,Feminino,Sul,66,Mouse,Acessórios,30.0,2,60.0,5.53,2023-10-16
ORD0167,Masculino,Sul,67,Smartwatch,Relógios,200.0,3,600.0,8.01,2023-03-27
ORD0043,Feminino,Sul,22,Mouse,Acessórios,30.0,4,120.0,19.24,2023-10-25
ORD0201,Masculino,Oeste,49,Monitor,Eletrônicos,300.0,2,600.0,7.0,2023-09-21
ORD0237,Masculino,Sul,65,Smartwatch,Relógios,200.0,3,600.0,6.94,2024-01-03
ORD0028,Feminino,Leste,19,Laptop,Eletrônicos,1500.0,1,1500.0,6.62,2023-02-22
ORD0150,Feminino,Norte,63,Monitor,Eletrônicos,300.0,3,900.0,19.87,2023-08-23
ORD0247,Masculino,Sul,44,Keyboard,Acessórios,50.0,2,100.0,10.09,2023-08-01
ORD0058,Feminino,Leste,42,Monitor,Eletrônicos,300.0,2,600.0,6.22,2023-08-06
ORD0281,Masculino,Oeste,33,Laptop,Eletrônicos,1500.0,4,6000.0,7.66,2023-01-01
ORD0041,Masculino,Leste,64,Smartphone,Eletrônicos,800.0,4,3200.0,5.82,2023-10-02
ORD0204,Masculino,Leste,54,Monitor,Eletrônicos,300.0,4,1200.0,18.4,2023-04-29
ORD0095,Feminino,Norte,60,Smartwatch,Relógios,200.0,2,400.0,18.88,2023-07-24
ORD0272,Feminino,Norte,52,Smartwatch,Relógios,200.0,3,600.0,15.36,2023-09-17
ORD0069,Masculino,Leste,43,Monitor,Eletrônicos,300.0,4,1200.0,16.88,2023-09-26
ORD0202,Masculino,Sul,56,Headphones,Acessórios,100.0,4,400.0,19.94,2023-06-07
ORD0054,Feminino,Norte,64,Headphones,Acessórios,100.0,1,100.0,10.32,2023-03-12
ORD0187,Feminino,Leste,25,Keyboard,Acessórios,50.0,4,200.0,7.33,2023-10-24
ORD0065,Masculino,Sul,41,Smartphone,Eletrônicos,800.0,5,4000.0,6.41,2023-12-01
ORD0019,Masculino,Oeste,69,Smartwatch,Relógios,200.0,1,200.0,12.86,2023-08-16
ORD0054,Feminino,Norte,64,Keyboard,Acessórios,50.0,1,50.0,13.13,2023-02-13
ORD0018,Feminino,Oeste,38,Mouse,Acessórios,30.0,2,60.0,17.21,2023-11-28
ORD0059,Masculino,Norte,18,Laptop,Eletrônicos,1500.0,2,3000.0,7.81,2023-06-22
ORD0075,Feminino,Sul,56,Mouse,Acessórios,30.0,5,150.0,5.44,2023-06-23
ORD0129,Feminino,Leste,66,Smartphone,Eletrônicos,800.0,3,2400.0,19.63,2023-07-28
ORD0103,Masculino,Norte,65,Smartphone,Eletrônicos,800.0,1,800.0,15.79,2023-10-30
ORD0176,Feminino,Sul,51,Laptop,Eletrônicos,1500.0,3,4500.0,5.72,2023-11-10
ORD0299,Feminino,Oeste,58,Smartwatch,Relógios,200.0,3,600.0,9.69,2024-01-03
ORD0178,Feminino,Sul,44,Smartphone,Eletrônicos,1658.43,3,2400.0,19.31,2023-06-03
ORD0138,Feminino,Leste,46,Laptop,Eletrônicos,1500.0,4,6000.0,16.31,2023-06-29
ORD0152,Masculino,Leste,69,Mouse,Acessórios,30.0,1,30.0,10.99,2023-10-06
ORD0212,Feminino,Oeste,62,Smartphone,Eletrônicos,800.0,3,2400.0,16.12,2023-08-01
ORD0208,Feminino,Sul,57,Smartwatch,Relógios,200.0,2,400.0,8.71,2023-05-18
ORD0026,Masculino,Leste,27,Smartphone,Eletrônicos,800.0,5,4000.0,12.26,2023-05-02
ORD0224,Feminino,Leste,57,Smartphone,Eletrônicos,800.0,1,800.0,19.34,2023-11-20
ORD0131,Feminino,Oeste,67,Laptop,Eletrônicos,1500.0,2,3000.0,18.81,2023-08-10
ORD0019,Masculino,Norte,69,Monitor,Eletrônicos,300.0,1,300.0,14.91,2023-04-05
ORD0291,Feminino,Norte,49,Mouse,Acessórios,30.0,1,30.0,5.6,2023-04-19
ORD0032,Masculino,Oeste,63,Laptop,Eletrônicos,1500.0,3,4500.0,19.69,2023-12-30
ORD0230,Masculino,Sul,43,Laptop,Eletrônicos,1500.0,4,6000.0,15.12,2023-11-10
ORD0285,Feminino,Norte,58,Headphones,Acessórios,100.0,1,100.0,5.25,2023-01-14
ORD0199,Masculino,Norte,41,Headphones,Acessórios,100.0,1,100.0,18.38,2023-07-05
ORD0045,Feminino,Leste,21,Monitor,Eletrônicos,300.0,3,900.0,15.22,2024-01-03
ORD0063,Masculino,Norte,20,Monitor,Eletrônicos,300.0,4,1200.0,15.57,2023-11-06
ORD0178,Masculino,Leste,44,Laptop,Eletrônicos,1500.0,5,7500.0,8.03,2023-01-20
ORD0210,Feminino,Norte,30,Monitor,Eletrônicos,300.0,5,1500.0,16.68,2023-05-06
ORD0105,Feminino,Norte,27,Headphones,Acessórios,100.0,2,200.0,12.44,2023-10-21
ORD0198,Masculino,Sul,43,Monitor,Eletrônicos,300.0,3,900.0,6.39,2023-12-30
ORD0241,Feminino,Leste,27,Keyboard,Acessórios,50.0,1,50.0,11.72,2023-07-10
ORD0201,Feminino,Oeste,49,Smartphone,Eletrônicos,800.0,2,1600.0,6.85,2024-01-03
ORD0052,Masculino,Sul,66,Mouse,Acessórios,30.0,4,120.0,14.27,2023-02-05
ORD0258,Feminino,Norte,39,Laptop,Eletrônicos,1500.0,3,4500.0,15.91,2023-02-03
ORD0123,Masculino,Sul,52,Laptop,Eletrônicos,1500.0,5,7500.0,16.01,2023-11-22
ORD0285,Masculino,Sul,66,Smartphone,Eletrônicos,800.0,3,2400.0,19.44,2023-06-03
ORD0279,Feminino,Oeste,59,Mouse,Acessórios,30.0,3,90.0,7.34,2023-04-26
ORD0052,Feminino,Leste,66,Headphones,Acessórios,100.0,3,300.0,13.21,2023-03-13
ORD0200,Feminino,Oeste,58,Laptop,Eletrônicos,1500.0,5,7500.0,11.03,2023-01-11
ORD0103,Feminino,Sul,23,Keyboard,Acessórios,50.0,5,250.0,14.12,2023-04-10
ORD0129,Feminino,Norte,66,Smartwatch,Relógios,200.0,5,1000.0,10.43,2023-03-07
ORD0012,Feminino,Norte,28,Laptop,Eletrônicos,1500.0,1,1500.0,12.71,2023-08-31
ORD0139,Masculino,Leste,57,Smartphone,Eletrônicos,800.0,2,1600.0,12.55,2023-01-02
ORD0108,Masculino,Sul,39,Keyboard,Acessórios,50.0,2,100.0,6.85,2023-10-19
ORD0196,Masculino,Oeste,37,Laptop,Eletrônicos,1500.0,2,3000.0,17.23,2023-01-10
ORD0007,Masculino,Leste,52,Headphones,Acessórios,100.0,3,300.0,19.53,2023-01-16
ORD0118,Masculino,Oeste,43,Smartwatch,Relógios,200.0,3,600.0,18.62,2023-07-23
ORD0227,Feminino,Leste,54,Mouse,Acessórios,30.0,5,150.0,14.71,2023-12-04
ORD0219,Feminino,Sul,48,Keyboard,Acessórios,50.0,2,100.0,12.46,2023-04-09
ORD0297,Masculino,Leste,61,Monitor,Eletrônicos,300.0,2,600.0,12.26,2023-04-25
ORD0098,Feminino,Leste,57,Headphones,Acessórios,100.0,4,400.0,8.84,2023-02-28
ORD0284,Feminino,Sul,64,Smartwatch,Relógios,200.0,5,1000.0,13.46,2023-05-09
ORD0137,Feminino,Oeste,19,Monitor,Eletrônicos,300.0,5,1500.0,19.39,2023-12-08
ORD0127,Masculino,Norte,62,Headphones,Acessórios,100.0,2,200.0,5.13,2023-11-01
ORD0052,Masculino,Leste,66,Mouse,Acessórios,30.0,2,60.0,6.23,2023-06-11
ORD0162,Feminino,Sul,69,Smartwatch,Relógios,200.0,4,800.0,12.26,2023-10-09
ORD0069,Feminino,Leste,66,Laptop,Eletrônicos,1500.0,4,6000.0,16.92,2023-09-23
ORD0011,Feminino,Oeste,54,Smartphone,Eletrônicos,1658.43,2,1600.0,15.8,2023-04-06
ORD0293,Masculino,Sul,32,Laptop,Eletrônicos,1500.0,3,4500.0,8.53,2023-11-17
ORD0078,Feminino,Leste,38,Monitor,Eletrônicos,300.0,1,300.0,7.57,2023-02-07
ORD0290,Feminino,Oeste,37,Headphones,Acessórios,100.0,3,300.0,5.29,2023-09-30
ORD0130,Feminino,Oeste,68,Smartwatch,Relógios,200.0,3,600.0,5.65,2023-08-18
ORD0186,Feminino,Leste,55,Smartwatch,Relógios,200.0,5,1000.0,18.29,2023-01-10
ORD0164,Masculino,Sul,50,Monitor,Eletrônicos,300.0,3,900.0,11.22,2023-03-16
ORD0024,Feminino,Oeste,57,Monitor,Eletrônicos,300.0,2,600.0,15.59,2023-09-02
ORD0006,Feminino,Leste,22,Smartwatch,Relógios,200.0,3,600.0,13.94,2023-04-07
ORD0124,Feminino,Norte,53,Monitor,Eletrônicos,300.0,1,300.0,16.32,2023-08-16
ORD0060,Feminino,Oeste,41,Headphones,Acessórios,100.0,5,500.0,18.06,2023-03-15
ORD0046,Feminino,Norte,22,Mouse,Acessórios,30.0,1,30.0,8.96,2023-03-03
ORD0280,Masculino,Sul,44,Smartwatch,Relógios,200.0,4,800.0,6.43,2023-03-03
ORD0012,Masculino,Sul,28,Headphones,Acessórios,100.0,3,300.0,17.16,2023-08-10
ORD0095,Masculino,Leste,60,Mouse,Acessórios,30.0,3,90.0,18.42,2023-01-25
ORD0279,Feminino,Sul,57,Mouse,Acessórios,30.0,2,60.0,11.28,2023-09-19
ORD0158,Feminino,Oeste,51,Monitor,Eletrônicos,300.0,4,1200.0,6.91,2023-09-13
ORD0193,Masculino,Sul,64,Keyboard,Acessórios,50.0,4,200.0,17.18,2023-11-06
ORD0270,Masculino,Leste,64,Keyboard,Acessórios,50.0,1,50.0,18.23,2023-05-24
ORD0005,Feminino,Leste,56,Mouse,Acessórios,30.0,2,60.0,7.58,2023-02-15
ORD0118,Feminino,Oeste,23,Smartphone,Eletrônicos,800.0,2,1600.0,9.07,2023-10-19
ORD0016,Feminino,Norte,61,Keyboard,Acessórios,50.0,1,50.0,19.39,2023-07-28
ORD0168,Feminino,Sul,42,Keyboard,Acessórios,50.0,2,100.0,12.44,2023-02-21
ORD0091,Masculino,Norte,30,Keyboard,Acessórios,50.0,1,50.0,19.02,2023-12-14
ORD0066,Feminino,Oeste,37,Headphones,Acessórios,100.0,3,300.0,16.67,2023-03-07
ORD0186,Feminino,Leste,55,Mouse,Acessórios,30.0,1,30.0,5.24,2023-05-25
ORD0130,Feminino,Norte,68,Monitor,Eletrônicos,300.0,3,900.0,10.39,2023-02-09
ORD0274,Feminino,Oeste,51,Keyboard,Acessórios,50.0,3,150.0,19.79,2024-01-03
ORD0095,Feminino,Leste,60,Monitor,Eletrônicos,300.0,4,1200.0,7.26,2023-08-20
ORD0128,Feminino,Leste,52,Smartwatch,Relógios,200.0,5,1000.0,18.72,2023-03-02
ORD0036,Masculino,Sul,31,Keyboard,Acessórios,50.0,3,150.0,9.99,2023-05-07
ORD0016,Feminino,Leste,61,Monitor,Eletrônicos,300.0,1,300.0,6.63,2023-01-14
ORD0192,Masculino,Sul,58,Mouse,Acessórios,30.0,1,30.0,11.39,2023-05-15
ORD0013,Feminino,Leste,55,Keyboard,Acessórios,50.0,4,200.0,6.66,2023-08-13
ORD0059,Feminino,Leste,18,Keyboard,Acessórios,50.0,4,200.0,7.76,2023-08-20
ORD0065,Feminino,Sul,41,Smartphone,Eletrônicos,800.0,1,800.0,6.24,2023-08-03
ORD0025,Feminino,Sul,56,Headphones,Acessórios,100.0,3,300.0,5.86,2023-11-25
ORD0160,Feminino,Sul,69,Laptop,Eletrônicos,1500.0,2,3000.0,5.35,2023-10-30
ORD0096,Feminino,Norte,61,Smartphone,Eletrônicos,800.0,5,4000.0,13.72,2023-03-09
ORD0071,Masculino,Leste,46,Smartphone,Eletrônicos,800.0,2,1600.0,13.1,2023-01-07
ORD0044,Masculino,Leste,30,Smartwatch,Relógios,200.0,2,400.0,13.54,2023-08-08
ORD0299,Feminino,Leste,58,Smartphone,Eletrônicos,800.0,5,4000.0,5.65,2023-12-16
ORD0291,Feminino,Sul,49,Monitor,Eletrônicos,300.0,3,900.0,17.93,2023-05-29
ORD0266,Feminino,Norte,29,Monitor,Eletrônicos,300.0,4,1200.0,5.79,2023-09-04
ORD0184,Feminino,Norte,54,Smartphone,Eletrônicos,800.0,1,800.0,13.72,2023-08-30
ORD0130,Masculino,Oeste,68,Keyboard,Acessórios,50.0,3,150.0,8.99,2023-02-02
ORD0052,Masculino,Sul,66,Monitor,Eletrônicos,300.0,4,1200.0,17.59,2023-09-12
ORD0240,Masculino,Leste,39,Keyboard,Acessórios,50.0,4,200.0,13.51,2023-12-21
ORD0054,Masculino,Sul,64,Smartphone,Eletrônicos,800.0,1,800.0,19.15,2023-10-07
ORD0038,Feminino,Norte,57,Keyboard,Acessórios,50.0,2,100.0,16.78,2023-11-16
ORD0023,Masculino,Leste,20,Monitor,Eletrônicos,300.0,5,1500.0,8.56,2023-10-30
ORD0183,Masculino,Norte,42,Mouse,Acessórios,30.0,5,150.0,9.26,2023-02-21
ORD0012,Masculino,Oeste,28,Monitor,Eletrônicos,300.0,5,1500.0,13.09,2023-03-12
ORD0136,Feminino,Sul,36,Mouse,Acessórios,30.0,5,150.0,6.58,2023-10-17
ORD0052,Feminino,Sul,66,Mouse,Acessórios,30.0,2,60.0,12.21,2023-06-05
ORD0141,Masculino,Oeste,58,Monitor,Eletrônicos,300.0,4,1200.0,6.4,2023-03-03
ORD0144,Masculino,Sul,54,Smartphone,Eletrônicos,800.0,5,4000.0,19.43,2023-07-12
ORD0156,Feminino,Norte,57,Monitor,Eletrônicos,300.0,1,300.0,15.49,2023-02-05
ORD0199,Masculino,Oeste,26,Smartphone,Eletrônicos,800.0,3,2400.0,6.95,2023-09-22
ORD0197,Masculino,Norte,54,Laptop,Eletrônicos,1500.0,4,6000.0,5.05,2023-07-12
ORD0196,Feminino,Oeste,37,Laptop,Eletrônicos,1500.0,1,1500.0,12.95,2023-11-06
ORD0243,Feminino,Oeste,58,Headphones,Acessórios,100.0,5,500.0,19.98,2023-08-13
ORD0182,Masculino,Sul,19,Smartphone,Eletrônicos,800.0,4,3200.0,12.3,2023-01-23
ORD0296,Feminino,Sul,50,Monitor,Eletrônicos,300.0,4,1200.0,7.42,2023-10-07
ORD0296,Feminino,Oeste,50,Mouse,Acessórios,30.0,1,30.0,15.21,2023-11-15
ORD0264,Feminino,Oeste,59,Monitor,Eletrônicos,300.0,3,900.0,19.8,2023-12-26
ORD0136,Feminino,Oeste,59,Mouse,Acessórios,30.0,5,150.0,13.14,2023-11-11
ORD0010,Masculino,Oeste,52,Headphones,Acessórios,100.0,5,500.0,15.78,2023-04-21
ORD0131,Masculino,Oeste,67,Keyboard,Acessórios,50.0,5,250.0,5.81,2023-05-18
ORD0252,Masculino,Oeste,55,Headphones,Acessórios,100.0,5,500.0,7.98,2023-05-16
ORD0294,Feminino,Leste,49,Mouse,Acessórios,30.0,5,150.0,19.83,2023-09-11
ORD0253,Masculino,Oeste,51,Smartphone,Eletrônicos,800.0,5,4000.0,16.14,2023-06-12
ORD0289,Feminino,Norte,37,Mouse,Acessórios,30.0,4,120.0,9.0,2024-01-03
ORD0126,Feminino,Norte,66,Smartphone,Eletrônicos,800.0,1,800.0,16.42,2023-09-26
ORD0024,Feminino,Sul,57,Laptop,Eletrônicos,1500.0,1,1500.0,9.69,2023-11-22
ORD0058,Masculino,Leste,54,Laptop,Eletrônicos,1500.0,4,6000.0,16.49,2023-07-10
ORD0170,Masculino,Oeste,40,Keyboard,Acessórios,50.0,2,100.0,14.0,2023-11-23
ORD0064,Feminino,Leste,61,Laptop,Eletrônicos,1500.0,3,4500.0,12.21,2023-10-28
ORD0043,Masculino,Norte,22,Keyboard,Acessórios,50.0,4,200.0,9.82,2023-01-05
ORD0103,Masculino,Norte,23,Smartwatch,Relógios,200.0,5,1000.0,14.5,2023-11-15
ORD0032,Masculino,Norte,63,Mouse,Acessórios,30.0,4,120.0,14.68,2023-03-11
ORD0182,Masculino,Oeste,19,Mouse,Acessórios,30.0,1,30.0,17.33,2023-08-31
ORD0076,Masculino,Norte,26,Headphones,Acessórios,100.0,2,200.0,17.84,2023-12-12
ORD0215,Feminino,Norte,35,Monitor,Eletrônicos,300.0,5,1500.0,19.58,2023-01-22
ORD0105,Masculino,Sul,27,Keyboard,Acessórios,50.0,5,250.0,17.69,2023-12-31
ORD0295,Feminino,Leste,26,Smartphone,Eletrônicos,800.0,5,4000.0,18.99,2023-12-31
ORD0002,Feminino,Sul,23,Keyboard,Acessórios,50.0,5,250.0,17.96,2023-08-18
ORD0283,Feminino,Leste,67,Laptop,Eletrônicos,1500.0,1,1500.0,11.14,2023-06-25
ORD0047,Feminino,Oeste,41,Laptop,Eletrônicos,1500.0,1,1500.0,14.86,2023-10-21
ORD0153,Masculino,Oeste,18,Mouse,Acessórios,30.0,2,60.0,6.54,2023-11-21
ORD0047,Masculino,Leste,41,Headphones,Acessórios,207.3,2,200.0,9.15,2023-04-23
ORD0269,Masculino,Leste,64,Monitor,Eletrônicos,300.0,4,1200.0,13.49,2023-09-09
ORD0022,Masculino,Norte,63,Laptop,Eletrônicos,1500.0,2,3000.0,8.24,2023-04-15
ORD0106,Feminino,Leste,50,Smartphone,Eletrônicos,800.0,3,2400.0,10.13,2023-06-26
ORD0284,Masculino,Sul,64,Headphones,Acessórios,100.0,2,200.0,10.57,2023-06-03
ORD0149,Masculino,Sul,40,Laptop,Eletrônicos,1500.0,1,1500.0,14.19,2023-05-20
ORD0068,Masculino,Leste,64,Smartwatch,Relógios,200.0,3,600.0,5.7,2023-04-07
ORD0289,Feminino,Leste,37,Smartwatch,Relógios,200.0,5,1000.0,5.6,2023-11-18
ORD0247,Masculino,Sul,44,Laptop,Eletrônicos,1500.0,3,4500.0,18.21,2023-05-01
ORD0295,Masculino,Oeste,26,Laptop,Eletrônicos,1500.0,3,4500.0,12.84,2023-05-27
ORD0236,Masculino,Oeste,18,Laptop,Eletrônicos,1500.0,2,3000.0,18.07,2023-01-23
ORD0148,Masculino,Oeste,46,Keyboard,Acessórios,50.0,4,200.0,14.29,2023-10-08
ORD0122,Masculino,Norte,68,Headphones,Acessórios,100.0,4,400.0,11.52,2023-11-29
ORD0246,Feminino,Sul,64,Monitor,Eletrônicos,300.0,3,900.0,15.77,2023-09-29
ORD0282,Masculino,Norte,68,Laptop,Eletrônicos,1500.0,4,6000.0,5.24,2023-11-07
ORD0204,Masculino,Oeste,54,Headphones,Acessórios,100.0,5,500.0,8.64,2023-10-20
ORD0053,Masculino,Norte,25,Laptop,Eletrônicos,1500.0,4,6000.0,13.08,2023-09-18
ORD0036,Masculino,Norte,33,Smartphone,Eletrônicos,800.0,4,3200.0,13.29,2023-07-23
ORD0085,Masculino,Oeste,18,Smartphone,Eletrônicos,800.0,5,4000.0,13.44,2023-05-02
ORD0071,Feminino,Sul,53,Headphones,Acessórios,100.0,1,100.0,14.98,2023-12-04
ORD0248,Masculino,Leste,67,Monitor,Eletrônicos,300.0,1,300.0,8.65,2023-08-27
ORD0088,Feminino,Oeste,66,Headphones,Acessórios,100.0,5,500.0,14.84,2023-06-08
ORD0020,Feminino,Norte,55,Monitor,Eletrônicos,300.0,1,300.0,7.38,2023-10-26
ORD0274,Feminino,Leste,51,Laptop,Eletrônicos,1500.0,5,7500.0,12.33,2023-01-07
ORD0196,Masculino,Leste,37,Smartwatch,Relógios,200.0,5,1000.0,19.55,2023-04-23
ORD0022,Masculino,Oeste,33,Smartphone,Eletrônicos,800.0,3,2400.0,5.22,2023-09-12
ORD0211,Masculino,Oeste,49,Keyboard,Acessórios,50.0,1,50.0,14.62,2023-01-28
ORD0152,Feminino,Sul,69,Smartwatch,Relógios,200.0,3,600.0,19.07,2023-07-16
ORD0042,Masculino,Leste,57,Smartwatch,Relógios,200.0,5,1000.0,15.99,2023-01-04
ORD0235,Masculino,Leste,19,Headphones,Acessórios,100.0,5,500.0,19.53,2023-04-08
ORD0206,Masculino,Sul,43,Laptop,Eletrônicos,1500.0,5,7500.0,13.04,2023-05-03
ORD0103,Feminino,Leste,23,Mouse,Acessórios,30.0,2,60.0,18.45,2023-07-15
ORD0179,Masculino,Norte,45,Smartphone,Eletrônicos,800.0,4,3200.0,15.02,2023-09-28
ORD0157,Feminino,Leste,48,Keyboard,Acessórios,50.0,4,200.0,8.27,2023-05-22
ORD0272,Masculino,Sul,52,Mouse,Acessórios,30.0,3,90.0,8.66,2023-03-30
ORD0071,Feminino,Sul,46,Headphones,Acessórios,100.0,5,500.0,11.88,2023-08-02
ORD0268,Masculino,Norte,21,Keyboard,Acessórios,50.0,3,150.0,15.03,2023-05-20
ORD0017,Feminino,Oeste,36,Keyboard,Acessórios,50.0,5,250.0,12.63,2023-12-17
ORD0221,Masculino,Oeste,33,Monitor,Eletrônicos,300.0,3,900.0,7.25,2023-11-01
ORD0207,Masculino,Oeste,54,Headphones,Acessórios,100.0,2,200.0,6.22,2024-01-03
ORD0077,Masculino,Leste,50,Monitor,Eletrônicos,300.0,3,900.0,14.75,2023-01-08
ORD0253,Feminino,Leste,51,Headphones,Acessórios,100.0,4,400.0,17.18,2023-09-25
ORD0253,Feminino,Leste,51,Keyboard,Acessórios,50.0,3,150.0,14.99,2023-04-18
ORD0225,Feminino,Norte,42,Smartwatch,Relógios,200.0,1,200.0,17.3,2023-02-19
ORD0091,Feminino,Oeste,30,Headphones,Acessórios,100.0,1,100.0,6.47,2023-06-01
ORD0142,Feminino,Sul,32,Keyboard,Acessórios,50.0,5,250.0,10.39,2023-06-28
ORD0142,Feminino,Sul,32,Monitor,Eletrônicos,300.0,1,300.0,9.57,2023-04-24
ORD0032,Masculino,Norte,63,Smartphone,Eletrônicos,800.0,2,1600.0,6.57,2023-12-08
ORD0011,Masculino,Oeste,54,Keyboard,Acessórios,50.0,1,50.0,13.9,2023-11-04
ORD0204,Masculino,Oeste,54,Laptop,Eletrônicos,3109.56,5,7500.0,19.71,2023-04-18
ORD0068,Masculino,Leste,64,Smartwatch,Relógios,200.0,2,400.0,11.49,2023-09-24
ORD0222,Feminino,Leste,61,Mouse,Acessórios,30.0,2,60.0,13.74,2023-11-13
ORD0145,Masculino,Leste,51,Laptop,Eletrônicos,1500.0,1,1500.0,15.23,2023-10-10
ORD0083,Feminino,Sul,28,Laptop,Eletrônicos,1500.0,1,1500.0,19.84,2023-02-17
ORD0158,Feminino,Norte,51,Headphones,Acessórios,100.0,3,300.0,18.63,2023-03-20
ORD0063,Feminino,Norte,20,Laptop,Eletrônicos,1500.0,5,7500.0,15.07,2023-10-28
ORD0249,Masculino,Sul,33,Monitor,Eletrônicos,300.0,5,1500.0,15.98,2023-01-16
ORD0012,Masculino,Oeste,28,Monitor,Eletrônicos,300.0,2,600.0,14.13,2023-02-11
ORD0038,Masculino,Leste,57,Monitor,Eletrônicos,300.0,2,600.0,17.67,2023-12-18
ORD0216,Feminino,Oeste,53,Keyboard,Acessórios,50.0,5,250.0,15.62,2023-09-01
ORD0172,Feminino,Sul,56,Monitor,Eletrônicos,300.0,5,1500.0,12.62,2023-07-20
ORD0048,Masculino,Norte,34,Monitor,Eletrônicos,300.0,2,600.0,11.88,2023-09-23
ORD0260,Masculino,Leste,32,Monitor,Eletrônicos,300.0,2,600.0,12.92,2023-07-14
ORD0063,Masculino,Norte,20,Smartwatch,Relógios,200.0,4,800.0,15.78,2023-06-14
ORD0218,Masculino,Leste,36,Laptop,Eletrônicos,1500.0,4,6000.0,14.0,2023-06-06
ORD0263,Masculino,Norte,29,Smartphone,Eletrônicos,800.0,2,1600.0,7.17,2023-01-09
ORD0160,Masculino,Sul,69,Monitor,Eletrônicos,300.0,2,600.0,18.79,2023-07-29
ORD0250,Feminino,Norte,64,Smartphone,Eletrônicos,800.0,2,1600.0,17.54,2023-08-05
ORD0038,Masculino,Norte,57,Keyboard,Acessórios,50.0,3,150.0,18.44,2023-02-21
ORD0048,Masculino,Norte,34,Monitor,Eletrônicos,300.0,2,600.0,12.94,2023-05-05
ORD0183,Feminino,Oeste,42,Monitor,Eletrônicos,300.0,3,900.0,14.11,2023-01-16
ORD0240,Feminino,Norte,39,Headphones,Acessórios,100.0,1,100.0,7.09,2023-06-26
ORD0155,Masculino,Norte,41,Smartwatch,Relógios,200.0,1,200.0,18.84,2023-04-20
ORD0185,Masculino,Norte,29,Laptop,Eletrônicos,1500.0,5,7500.0,13.95,2023-10-30
ORD0229,Feminino,Norte,55,Headphones,Acessórios,100.0,4,400.0,11.95,2023-09-04
ORD0229,Masculino,Norte,45,Mouse,Acessórios,30.0,3,90.0,10.06,2023-02-18
ORD0139,Masculino,Norte,57,Mouse,Acessórios,30.0,5,150.0,19.16,2023-01-07
ORD0009,Masculino,Oeste,50,Headphones,Acessórios,100.0,2,200.0,19.13,2023-10-08
ORD0095,Masculino,Oeste,60,Keyboard,Acessórios,50.0,5,250.0,13.0,2023-12-19
ORD0001,Feminino,Leste,38,Keyboard,Acessórios,50.0,3,150.0,6.14,2023-04-10
ORD0200,Masculino,Leste,68,Laptop,Eletrônicos,1500.0,3,4500.0,11.29,2023-06-01
ORD0086,Masculino,Oeste,26,Smartwatch,Relógios,200.0,5,1000.0,14.83,2023-07-03
ORD0193,Feminino,Norte,64,Monitor,Eletrônicos,300.0,3,900.0,15.97,2023-10-15
ORD0193,Feminino,Leste,64,Headphones,Acessórios,100.0,4,400.0,12.48,2023-06-10
ORD0044,Feminino,Leste,30,Monitor,Eletrônicos,300.0,4,1200.0,10.86,2023-09-03
ORD0187,Masculino,Leste,25,Laptop,Eletrônicos,1500.0,5,7500.0,16.95,2023-03-04
ORD0006,Feminino,Leste,52,Headphones,Acessórios,100.0,2,200.0,18.95,2023-01-24
ORD0021,Masculino,Norte,43,Mouse,Acessórios,30.0,4,120.0,10.77,2023-09-24
ORD0271,Feminino,Sul,46,Headphones,Acessórios,100.0,2,200.0,19.54,2023-06-20
ORD0160,Masculino,Leste,69,Laptop,Eletrônicos,1500.0,4,6000.0,10.0,2023-11-15
ORD0095,Feminino,Leste,27,Laptop,Eletrônicos,1500.0,5,7500.0,12.35,2023-04-28
ORD0025,Feminino,Leste,56,Monitor,Eletrônicos,300.0,3,900.0,17.34,2023-05-22
ORD0188,Masculino,Oeste,29,Keyboard,Acessórios,50.0,3,150.0,12.06,2023-04-02
ORD0238,Feminino,Oeste,27,Mouse,Acessórios,30.0,2,60.0,14.07,2023-11-15
ORD0180,Masculino,Norte,30,Laptop,Eletrônicos,1500.0,2,3000.0,16.82,2023-10-05
ORD0011,Feminino,Norte,54,Smartphone,Eletrônicos,800.0,5,4000.0,19.49,2023-08-22
ORD0264,Masculino,Oeste,59,Keyboard,Acessórios,50.0,2,100.0,15.51,2023-07-16
ORD0156,Masculino,Leste,57,Smartwatch,Relógios,200.0,5,1000.0,9.77,2023-01-27
ORD0044,Masculino,Oeste,30,Headphones,Acessórios,100.0,1,100.0,15.64,2023-09-06
ORD0202,Masculino,Leste,56,Smartphone,Eletrônicos,800.0,5,4000.0,12.22,2023-05-06
ORD0171,Masculino,Leste,21,Headphones,Acessórios,100.0,5,500.0,13.7,2023-01-14
ORD0109,Feminino,Norte,57,Laptop,Eletrônicos,1500.0,4,6000.0,12.77,2023-04-28
ORD0213,Feminino,Norte,45,Monitor,Eletrônicos,300.0,4,1200.0,14.76,2023-01-02
ORD0261,Masculino,Norte,28,Mouse,Acessórios,30.0,3,90.0,11.71,2023-11-09
ORD0030,Feminino,Leste,44,Smartphone,Eletrônicos,800.0,5,4000.0,17.36,2023-07-03
ORD0145,Masculino,Norte,51,Headphones,Acessórios,100.0,4,400.0,10.89,2023-01-14
ORD0044,Masculino,Leste,30,Smartphone,Eletrônicos,800.0,1,800.0,14.23,2023-02-23
ORD0199,Masculino,Norte,41,Monitor,Eletrônicos,300.0,1,300.0,9.5,2023-06-11
ORD0111,Feminino,Oeste,19,Monitor,Eletrônicos,300.0,3,900.0,13.79,2023-05-16
ORD0124,Masculino,Sul,53,Smartphone,Eletrônicos,800.0,1,800.0,5.36,2023-03-16
ORD0299,Masculino,Oeste,58,Smartphone,Eletrônicos,800.0,5,4000.0,19.93,2023-01-03
ORD0241,Feminino,Norte,27,Keyboard,Acessórios,50.0,2,100.0,19.92,2023-06-02
ORD0010,Masculino,Sul,37,Smartwatch,Relógios,200.0,2,400.0,14.16,2023-06-06
ORD0293,Feminino,Leste,32,Laptop,Eletrônicos,1500.0,5,7500.0,7.52,2023-10-28
ORD0225,Masculino,Oeste,65,Monitor,Eletrônicos,300.0,4,1200.0,10.09,2023-01-31
ORD0197,Masculino,Norte,54,Laptop,Eletrônicos,1500.0,4,6000.0,6.73,2023-04-28
ORD0035,Feminino,Oeste,20,Mouse,Acessórios,30.0,4,120.0,5.19,2023-07-22
ORD0280,Masculino,Norte,44,Keyboard,Acessórios,50.0,1,50.0,12.3,2023-06-12
ORD0129,Masculino,Sul,66,Laptop,Eletrônicos,1500.0,4,6000.0,13.08,2023-03-20
ORD0144,Feminino,Leste,54,Laptop,Eletrônicos,1500.0,4,6000.0,12.0,2023-04-14
ORD0174,Masculino,Norte,68,Mouse,Acessórios,30.0,2,60.0,9.28,2023-05-04
ORD0219,Feminino,Sul,48,Keyboard,Acessórios,50.0,5,250.0,14.34,2023-09-28
ORD0198,Masculino,Sul,56,Monitor,Eletrônicos,300.0,2,600.0,17.13,2023-08-01
ORD0139,Masculino,Norte,57,Monitor,Eletrônicos,300.0,1,300.0,13.55,2023-09-26
ORD0149,Masculino,Oeste,40,Mouse,Acessórios,30.0,5,150.0,9.01,2023-11-14
ORD0031,Masculino,Norte,67,Laptop,Eletrônicos,1500.0,4,6000.0,13.3,2023-11-01
ORD0036,Feminino,Sul,33,Headphones,Acessórios,100.0,5,500.0,8.27,2023-06-30
ORD0029,Feminino,Oeste,66,Laptop,Eletrônicos,1500.0,2,3000.0,9.26,2023-10-10
ORD0071,Masculino,Oeste,46,Monitor,Eletrônicos,300.0,3,900.0,18.83,2023-09-19
ORD0108,Feminino,Leste,62,Monitor,Eletrônicos,300.0,1,300.0,6.55,2024-01-03
ORD0251,Masculino,Leste,42,Laptop,Eletrônicos,1500.0,2,3000.0,12.17,2023-01-09
ORD0142,Masculino,Norte,32,Laptop,Eletrônicos,1500.0,1,1500.0,8.53,2023-08-11
ORD0025,Masculino,Oeste,56,Monitor,Eletrônicos,300.0,1,300.0,8.87,2023-07-25
ORD0031,Feminino,Sul,67,Smartwatch,Relógios,200.0,1,200.0,5.45,2023-09-30
ORD0159,Masculino,Norte,48,Headphones,Acessórios,100.0,2,200.0,10.39,2023-10-26
ORD0094,Masculino,Sul,30,Headphones,Acessórios,100.0,4,400.0,13.94,2023-12-22
ORD0072,Masculino,Leste,21,Headphones,Acessórios,100.0,4,400.0,12.96,2023-09-13
ORD0078,Feminino,Sul,38,Keyboard,Acessórios,50.0,4,200.0,11.0,2023-12-26
ORD0105,Masculino,Oeste,27,Laptop,Eletrônicos,1500.0,2,3000.0,13.22,2023-09-06
ORD0152,Masculino,Norte,69,Monitor,Eletrônicos,300.0,5,1500.0,17.75,2023-11-14
ORD0160,Feminino,Oeste,69,Smartphone,Eletrônicos,800.0,3,2400.0,15.53,2023-04-25
ORD0248,Feminino,Sul,67,Laptop,Eletrônicos,1500.0,1,1500.0,13.92,2023-07-26
ORD0133,Masculino,Oeste,47,Smartwatch,Relógios,200.0,3,600.0,13.73,2023-06-15
ORD0260,Masculino,Oeste,32,Monitor,Eletrônicos,300.0,3,900.0,8.48,2023-05-22
ORD0051,Feminino,Oeste,41,Laptop,Eletrônicos,1500.0,3,4500.0,13.82,2023-12-07
ORD0177,Feminino,Leste,29,Mouse,Acessórios,30.0,1,30.0,11.33,2023-02-28
ORD0004,Masculino,Norte,65,Monitor,Eletrônicos,300.0,4,1200.0,11.14,2024-01-03
ORD0195,Feminino,Leste,48,Smartwatch,Relógios,200.0,5,1000.0,10.9,2023-05-04
ORD0122,Masculino,Leste,68,Laptop,Eletrônicos,1500.0,1,1500.0,19.37,2023-08-27
ORD0058,Feminino,Norte,42,Mouse,Acessórios,30.0,5,150.0,8.28,2023-11-14
ORD0039,Masculino,Sul,60,Laptop,Eletrônicos,1500.0,1,1500.0,10.84,2023-09-06
ORD0066,Feminino,Norte,37,Smartphone,Eletrônicos,800.0,1,800.0,12.78,2023-01-03
ORD0204,Feminino,Sul,54,Laptop,Eletrônicos,1500.0,4,6000.0,12.84,2023-02-20
ORD0208,Feminino,Sul,57,Monitor,Eletrônicos,300.0,1,300.0,6.55,2023-04-13
ORD0196,Feminino,Leste,37,Keyboard,Acessórios,50.0,4,200.0,12.81,2023-01-05
ORD0250,Feminino,Norte,64,Laptop,Eletrônicos,1500.0,1,1500.0,18.19,2023-05-22
ORD0227,Masculino,Sul,54,Smartwatch,Relógios,200.0,3,600.0,16.36,2023-08-10
ORD0107,Masculino,Oeste,67,Laptop,Eletrônicos,1500.0,4,6000.0,14.85,2023-06-11
ORD0177,Feminino,Leste,29,Smartwatch,Relógios,200.0,4,800.0,17.93,2023-02-25
ORD0174,Feminino,Sul,68,Headphones,Acessórios,100.0,2,200.0,11.73,2023-06-05
ORD0066,Masculino,Oeste,37,Mouse,Acessórios,30.0,3,90.0,13.86,2023-10-17
ORD0117,Masculino,Norte,22,Mouse,Acessórios,30.0,5,150.0,18.22,2023-01-25
ORD0008,Masculino,Norte,18,Monitor,Eletrônicos,300.0,2,600.0,8.33,2023-01-10
ORD0010,Feminino,Oeste,26,Laptop,Eletrônicos,1500.0,3,4500.0,6.86,2023-12-27
ORD0107,Masculino,Sul,32,Keyboard,Acessórios,50.0,5,250.0,9.87,2023-11-03
ORD0271,Masculino,Oeste,28,Smartwatch,Relógios,200.0,2,400.0,8.05,2023-04-10
ORD0149,Masculino,Norte,40,Smartwatch,Relógios,200.0,4,800.0,11.68,2023-12-27
ORD0173,Masculino,Sul,65,Laptop,Eletrônicos,1500.0,3,4500.0,13.18,2023-12-22
ORD0042,Feminino,Leste,57,Smartphone,Eletrônicos,800.0,2,1600.0,9.01,2023-11-08
ORD0106,Feminino,Sul,50,Headphones,Acessórios,100.0,3,300.0,17.63,2023-12-07
ORD0235,Masculino,Oeste,19,Monitor,Eletrônicos,300.0,1,300.0,7.48,2023-03-06
ORD0220,Masculino,Sul,57,Mouse,Acessórios,30.0,1,30.0,6.7,2023-05-07
ORD0264,Feminino,Sul,45,Mouse,Acessórios,30.0,5,150.0,14.88,2023-12-07
ORD0020,Feminino,Sul,55,Smartphone,Eletrônicos,800.0,4,3200.0,8.31,2023-09-13
ORD0139,Feminino,Oeste,57,Smartphone,Eletrônicos,800.0,3,2400.0,19.61,2023-12-31
ORD0022,Feminino,Sul,33,Keyboard,Acessórios,50.0,2,100.0,16.28,2023-04-20
ORD0101,Feminino,Norte,53,Monitor,Eletrônicos,300.0,4,1200.0,10.58,2023-03-31
ORD0271,Masculino,Leste,46,Monitor,Eletrônicos,300.0,4,1200.0,19.38,2023-11-20
ORD0197,Feminino,Oeste,54,Mouse,Acessórios,30.0,3,90.0,14.77,2023-12-09
ORD0135,Masculino,Oeste,41,Smartwatch,Relógios,200.0,1,200.0,13.72,2023-06-06
ORD0174,Masculino,Oeste,68,Mouse,Acessórios,30.0,5,150.0,16.66,2023-12-12
ORD0139,Masculino,Oeste,57,Laptop,Eletrônicos,1500.0,5,7500.0,8.19,2023-07-30
ORD0058,Masculino,Oeste,42,Headphones,Acessórios,100.0,5,500.0,5.43,2023-10-24
ORD0152,Masculino,Leste,69,Smartwatch,Relógios,200.0,5,1000.0,7.71,2023-10-25
ORD0231,Masculino,Sul,68,Keyboard,Acessórios,50.0,2,100.0,13.53,2023-07-13
ORD0288,Masculino,Norte,67,Keyboard,Acessórios,50.0,3,150.0,6.88,2023-05-28
ORD0296,Masculino,Sul,50,Monitor,Eletrônicos,300.0,5,1500.0,8.08,2024-01-03
ORD0155,Feminino,Leste,41,Monitor,Eletrônicos,300.0,1,300.0,16.71,2023-10-11
ORD0128,Feminino,Sul,38,Monitor,Eletrônicos,300.0,3,900.0,14.38,2023-02-28
ORD0178,Masculino,Norte,44,Smartwatch,Relógios,200.0,3,600.0,11.82,2023-04-18
ORD0298,Masculino,Sul,58,Smartphone,Eletrônicos,800.0,2,1600.0,12.94,2023-11-11
ORD0064,Masculino,Oeste,61,Laptop,Eletrônicos,3109.56,1,1500.0,18.37,2023-09-01
ORD0091,Feminino,Oeste,30,Mouse,Acessórios,30.0,3,90.0,11.78,2023-08-14
ORD0113,Feminino,Leste,38,Laptop,Eletrônicos,1500.0,3,4500.0,7.52,2023-02-03
ORD0087,Feminino,Sul,49,Mouse,Acessórios,30.0,2,60.0,17.46,2023-02-05
ORD0087,Masculino,Sul,49,Monitor,Eletrônicos,300.0,3,900.0,17.94,2023-01-20
ORD0255,Masculino,Oeste,40,Smartphone,Eletrônicos,800.0,3,2400.0,10.5,2023-02-18
ORD0044,Feminino,Sul,30,Monitor,Eletrônicos,300.0,1,300.0,14.91,2023-07-29
ORD0133,Feminino,Leste,47,Laptop,Eletrônicos,1500.0,3,4500.0,15.5,2023-07-25
ORD0122,Masculino,Leste,68,Monitor,Eletrônicos,300.0,3,900.0,16.44,2023-12-16
ORD0220,Masculino,Oeste,67,Laptop,Eletrônicos,1500.0,2,3000.0,13.04,2023-03-30
ORD0182,Masculino,Leste,19,Headphones,Acessórios,100.0,2,200.0,14.11,2023-01-22
ORD0081,Masculino,Norte,38,Monitor,Eletrônicos,300.0,2,600.0,5.79,2023-01-19
ORD0224,Masculino,Sul,57,Smartwatch,Relógios,200.0,4,800.0,13.93,2023-12-13
ORD0070,Masculino,Sul,23,Smartphone,Eletrônicos,800.0,1,800.0,6.7,2023-07-06
ORD0263,Feminino,Oeste,40,Monitor,Eletrônicos,300.0,1,300.0,11.65,2023-07-22
ORD0052,Feminino,Norte,66,Keyboard,Acessórios,50.0,4,200.0,14.49,2023-06-06
ORD0253,Masculino,Norte,51,Monitor,Eletrônicos,300.0,5,1500.0,14.23,2023-08-03
ORD0095,Masculino,Norte,60,Monitor,Eletrônicos,300.0,2,600.0,15.88,2023-01-12
ORD0031,Masculino,Leste,67,Keyboard,Acessórios,50.0,1,50.0,19.41,2023-07-29
ORD0128,Masculino,Sul,52,Smartphone,Eletrônicos,800.0,4,3200.0,15.79,2023-08-20
ORD0077,Masculino,Oeste,50,Mouse,Acessórios,30.0,4,120.0,17.84,2023-03-09
ORD0073,Masculino,Sul,19,Smartwatch,Relógios,200.0,3,600.0,10.07,2023-11-18
ORD0173,Masculino,Oeste,65,Mouse,Acessórios,30.0,5,150.0,15.11,2023-08-31
ORD0218,Feminino,Leste,36,Monitor,Eletrônicos,300.0,4,1200.0,11.23,2023-08-17
ORD0274,Masculino,Sul,51,Keyboard,Acessórios,50.0,5,250.0,15.38,2023-08-07
ORD0034,Feminino,Leste,65,Keyboard,Acessórios,50.0,3,150.0,10.84,2023-11-17
ORD0285,Feminino,Sul,58,Monitor,Eletrônicos,300.0,4,1200.0,13.4,2023-03-31
ORD0117,Feminino,Sul,22,Headphones,Acessórios,100.0,3,300.0,7.7,2023-07-20
ORD0208,Masculino,Norte,57,Mouse,Acessórios,30.0,4,120.0,15.44,2023-06-12
ORD0107,Feminino,Sul,67,Headphones,Acessórios,100.0,5,500.0,8.74,2023-06-08
ORD0145,Masculino,Norte,29,Headphones,Acessórios,100.0,4,400.0,14.68,2023-12-08
ORD0232,Feminino,Leste,44,Laptop,Eletrônicos,1500.0,5,7500.0,18.3,2023-11-07
ORD0039,Masculino,Leste,60,Smartwatch,Relógios,200.0,1,200.0,10.14,2023-12-02
ORD0195,Feminino,Oeste,48,Keyboard,Acessórios,50.0,3,150.0,6.42,2023-10-31
ORD0185,Feminino,Sul,29,Monitor,Eletrônicos,300.0,5,1500.0,18.18,2023-09-06
ORD0281,Feminino,Sul,61,Keyboard,Acessórios,50.0,3,150.0,5.62,2023-03-05
ORD0061,Feminino,Sul,35,Smartphone,Eletrônicos,800.0,1,800.0,17.3,2023-05-07
ORD0232,Masculino,Leste,44,Mouse,Acessórios,30.0,3,90.0,14.91,2023-10-20
ORD0013,Feminino,Sul,55,Smartwatch,Relógios,200.0,4,800.0,7.31,2023-03-16
ORD0058,Feminino,Oeste,42,Keyboard,Acessórios,50.0,1,50.0,8.05,2023-07-13
ORD0159,Feminino,Norte,18,Laptop,Eletrônicos,1500.0,1,1500.0,5.29,2023-01-21
ORD0236,Masculino,Oeste,18,Laptop,Eletrônicos,1500.0,3,4500.0,19.41,2023-08-19
ORD0281,Feminino,Norte,44,Monitor,Eletrônicos,300.0,2,600.0,19.97,2023-09-30
ORD0213,Feminino,Sul,34,Smartwatch,Relógios,200.0,5,1000.0,9.18,2023-10-31
ORD0286,Masculino,Oeste,63,Keyboard,Acessórios,50.0,2,100.0,6.28,2023-03-21
ORD0136,Feminino,Leste,36,Keyboard,Acessórios,50.0,4,200.0,9.3,2023-07-09
ORD0228,Masculino,Oeste,25,Keyboard,Acessórios,50.0,1,50.0,18.71,2023-12-07
ORD0124,Feminino,Norte,38,Headphones,Acessórios,100.0,5,500.0,14.28,2023-06-02
ORD0201,Masculino,Oeste,49,Smartphone,Eletrônicos,800.0,1,800.0,12.3,2023-05-30
ORD0038,Masculino,Norte,57,Smartphone,Eletrônicos,800.0,2,1600.0,19.87,2023-06-01
ORD0276,Feminino,Sul,66,Laptop,Eletrônicos,1500.0,3,4500.0,14.73,2023-12-01
ORD0201,Feminino,Norte,49,Smartwatch,Relógios,200.0,3,600.0,9.26,2023-10-23
ORD0104,Feminino,Leste,40,Keyboard,Acessórios,50.0,4,200.0,15.14,2023-06-17
ORD0101,Feminino,Leste,53,Smartwatch,Relógios,200.0,4,800.0,14.28,2023-11-05
ORD0138,Feminino,Oeste,46,Laptop,Eletrônicos,3109.56,2,3000.0,6.44,2023-12-08
ORD0035,Feminino,Sul,20,Keyboard,Acessórios,50.0,3,150.0,11.05,2023-09-16
ORD0273,Feminino,Sul,55,Mouse,Acessórios,30.0,3,90.0,11.24,2023-09-09
ORD0228,Feminino,Oeste,25,Smartphone,Eletrônicos,800.0,1,800.0,7.25,2023-03-09
ORD0191,Feminino,Norte,41,Laptop,Eletrônicos,1500.0,4,6000.0,6.76,2023-08-01
ORD0087,Feminino,Norte,31,Headphones,Acessórios,100.0,2,200.0,19.07,2023-05-08
ORD0070,Feminino,Oeste,23,Laptop,Eletrônicos,1500.0,5,7500.0,19.41,2023-12-21
ORD0088,Masculino,Oeste,66,Monitor,Eletrônicos,300.0,1,300.0,7.84,2023-12-08
ORD0287,Feminino,Sul,60,Smartphone,Eletrônicos,800.0,4,3200.0,9.99,2023-06-29
ORD0116,Masculino,Sul,20,Monitor,Eletrônicos,300.0,2,600.0,9.77,2023-09-24
ORD0037,Feminino,Oeste,51,Smartphone,Eletrônicos,800.0,3,2400.0,15.28,2023-05-22
ORD0215,Feminino,Leste,35,Mouse,Acessórios,30.0,3,90.0,8.79,2023-07-29
ORD0104,Masculino,Oeste,40,Keyboard,Acessórios,50.0,4,200.0,12.79,2023-10-19
ORD0197,Masculino,Norte,54,Smartphone,Eletrônicos,800.0,5,4000.0,9.55,2023-09-02
ORD0298,Feminino,Leste,58,Mouse,Acessórios,30.0,4,120.0,8.85,2023-06-21
ORD0079,Masculino,Sul,26,Keyboard,Acessórios,50.0,2,100.0,9.76,2023-06-13
ORD0021,Feminino,Leste,43,Smartwatch,Relógios,200.0,1,200.0,6.18,2023-12-28
ORD0162,Masculino,Leste,69,Laptop,Eletrônicos,1500.0,3,4500.0,6.08,2023-07-06
ORD0090,Masculino,Oeste,61,Laptop,Eletrônicos,1500.0,4,6000.0,9.46,2023-06-13
ORD0064,Feminino,Oeste,61,Headphones,Acessórios,100.0,1,100.0,6.6,2023-03-20
ORD0148,Feminino,Norte,67,Mouse,Acessórios,30.0,4,120.0,19.59,2023-02-20
ORD0081,Feminino,Oeste,38,Monitor,Eletrônicos,300.0,4,1200.0,12.55,2023-08-27
ORD0160,Masculino,Norte,69,Keyboard,Acessórios,50.0,5,250.0,14.32,2023-02-03
ORD0080,Masculino,Oeste,51,Smartphone,Eletrônicos,800.0,5,4000.0,6.74,2023-09-27
ORD0091,Masculino,Sul,30,Headphones,Acessórios,100.0,2,200.0,7.01,2023-03-18
ORD0112,Masculino,Leste,33,Laptop,Eletrônicos,1500.0,2,3000.0,14.97,2023-01-17
ORD0030,Feminino,Oeste,44,Headphones,Acessórios,100.0,4,400.0,10.03,2023-05-11
ORD0276,Masculino,Sul,66,Keyboard,Acessórios,50.0,2,100.0,8.51,2023-03-10
ORD0034,Feminino,Oeste,65,Keyboard,Acessórios,50.0,1,50.0,7.55,2023-06-27
ORD0271,Feminino,Norte,46,Mouse,Acessórios,30.0,4,120.0,18.31,2023-11-07
ORD0034,Masculino,Norte,65,Laptop,Eletrônicos,1500.0,5,7500.0,16.39,2023-04-08
ORD0122,Masculino,Norte,68,Laptop,Eletrônicos,1500.0,2,3000.0,18.77,2023-10-27
ORD0223,Feminino,Leste,20,Laptop,Eletrônicos,1500.0,5,7500.0,9.26,2023-02-01
ORD0052,Masculino,Norte,66,Smartphone,Eletrônicos,800.0,4,3200.0,15.69,2023-05-27
ORD0176,Masculino,Sul,23,Keyboard,Acessórios,50.0,4,200.0,11.55,2023-10-01
ORD0276,Masculino,Oeste,66,Smartphone,Eletrônicos,800.0,3,2400.0,15.27,2023-05-05
ORD0185,Feminino,Oeste,29,Keyboard,Acessórios,50.0,4,200.0,6.75,2023-12-22
ORD0253,Feminino,Leste,51,Headphones,Acessórios,100.0,2,200.0,5.79,2023-06-13
ORD0055,Masculino,Leste,45,Smartwatch,Relógios,200.0,4,800.0,10.62,2023-01-11
ORD0229,Feminino,Norte,49,Monitor,Eletrônicos,300.0,1,300.0,5.83,2023-02-07
ORD0149,Feminino,Leste,40,Headphones,Acessórios,100.0,2,200.0,9.42,2023-07-14
ORD0028,Masculino,Leste,50,Mouse,Acessórios,30.0,5,150.0,6.26,2023-04-07
ORD0011,Masculino,Sul,54,Headphones,Acessórios,100.0,1,100.0,19.25,2023-12-18
ORD0259,Masculino,Oeste,59,Mouse,Acessórios,30.0,2,60.0,18.17,2023-11-17
ORD0296,Feminino,Oeste,50,Monitor,Eletrônicos,300.0,1,300.0,5.94,2023-12-26
ORD0101,Masculino,Leste,53,Headphones,Acessórios,100.0,3,300.0,15.61,2023-12-04
ORD0288,Masculino,Oeste,55,Laptop,Eletrônicos,1500.0,2,3000.0,9.06,2023-06-08
ORD0206,Feminino,Sul,43,Keyboard,Acessórios,50.0,4,200.0,16.25,2023-08-14
ORD0179,Masculino,Norte,45,Monitor,Eletrônicos,300.0,4,1200.0,7.16,2023-11-13
ORD0293,Masculino,Oeste,32,Monitor,Eletrônicos,300.0,2,600.0,9.52,2023-10-17
ORD0120,Feminino,Norte,35,Headphones,Acessórios,100.0,4,400.0,12.85,2023-07-23
ORD0112,Masculino,Oeste,33,Smartphone,Eletrônicos,800.0,5,4000.0,5.14,2023-06-15
ORD0218,Feminino,Leste,36,Mouse,Acessórios,30.0,5,150.0,6.78,2023-07-18
ORD0018,Feminino,Sul,38,Keyboard,Acessórios,50.0,5,250.0,12.25,2023-05-12
ORD0193,Masculino,Norte,64,Laptop,Eletrônicos,1500.0,4,6000.0,9.87,2023-02-19
ORD0088,Masculino,Oeste,66,Laptop,Eletrônicos,1500.0,4,6000.0,11.5,2023-10-17
ORD0116,Masculino,Sul,20,Mouse,Acessórios,30.0,3,90.0,16.07,2023-09-30
ORD0152,Feminino,Oeste,69,Keyboard,Acessórios,50.0,4,200.0,18.96,2023-05-20
ORD0290,Feminino,Leste,37,Smartwatch,Relógios,200.0,4,800.0,5.98,2023-04-27
ORD0293,Masculino,Sul,32,Monitor,Eletrônicos,300.0,2,600.0,14.24,2023-03-27
ORD0080,Masculino,Sul,51,Monitor,Eletrônicos,300.0,5,1500.0,11.39,2023-07-31
ORD0134,Feminino,Norte,58,Keyboard,Acessórios,50.0,4,200.0,17.65,2023-02-11
ORD0010,Feminino,Leste,37,Smartphone,Eletrônicos,800.0,5,4000.0,6.67,2023-01-04
ORD0252,Masculino,Sul,55,Smartwatch,Relógios,200.0,3,600.0,8.26,2023-08-30
ORD0211,Feminino,Oeste,35,Monitor,Eletrônicos,300.0,5,1500.0,18.94,2023-03-06
ORD0095,Feminino,Sul,60,Monitor,Eletrônicos,300.0,3,900.0,19.78,2023-02-26
ORD0226,Masculino,Norte,43,Smartphone,Eletrônicos,800.0,4,3200.0,10.65,2023-02-25
ORD0238,Feminino,Norte,26,Smartwatch,Relógios,200.0,4,800.0,14.25,2023-01-03
ORD0274,Masculino,Oeste,51,Monitor,Eletrônicos,300.0,4,1200.0,6.26,2023-12-28
ORD0225,Masculino,Sul,65,Keyboard,Acessórios,50.0,3,150.0,12.69,2023-11-18
ORD0233,Masculino,Oeste,24,Smartwatch,Relógios,200.0,3,600.0,19.39,2023-03-11
ORD0208,Masculino,Norte,57,Headphones,Acessórios,100.0,4,400.0,14.49,2023-09-19
ORD0006,Masculino,Sul,52,Smartwatch,Relógios,200.0,5,1000.0,13.13,2023-05-15
ORD0181,Masculino,Norte,59,Monitor,Eletrônicos,300.0,4,1200.0,15.92,2023-10-23
ORD0126,Masculino,Oeste,66,Smartwatch,Relógios,200.0,5,1000.0,12.06,2023-03-07
ORD0118,Masculino,Leste,23,Keyboard,Acessórios,50.0,1,50.0,16.34,2023-01-16
ORD0007,Feminino,Norte,52,Smartwatch,Relógios,200.0,3,600.0,15.85,2023-04-10
ORD0263,Feminino,Sul,50,Headphones,Acessórios,100.0,3,300.0,19.01,2023-09-13
ORD0256,Masculino,Leste,65,Laptop,Eletrônicos,1500.0,3,4500.0,9.83,2023-09-26
ORD0172,Feminino,Leste,56,Mouse,Acessórios,30.0,4,120.0,5.17,2023-11-23
ORD0114,Masculino,Sul,60,Smartphone,Eletrônicos,800.0,3,2400.0,15.04,2023-08-12
ORD0198,Masculino,Oeste,49,Smartphone,Eletrônicos,800.0,5,4000.0,18.49,2023-12-13
ORD0234,Feminino,Sul,44,Smartwatch,Relógios,200.0,1,200.0,7.67,2023-07-08
ORD0182,Feminino,Norte,19,Keyboard,Acessórios,50.0,3,150.0,5.76,2023-07-25
ORD0104,Masculino,Leste,40,Smartwatch,Relógios,200.0,1,200.0,16.29,2023-07-08
ORD0232,Masculino,Oeste,44,Headphones,Acessórios,100.0,1,100.0,6.43,2023-07-28
ORD0160,Masculino,Oeste,69,Laptop,Eletrônicos,1500.0,1,1500.0,7.32,2023-09-19
ORD0105,Feminino,Sul,27,Smartwatch,Relógios,200.0,2,400.0,9.97,2023-01-18
ORD0065,Feminino,Oeste,41,Smartwatch,Relógios,200.0,5,1000.0,12.79,2023-01-06
ORD0220,Feminino,Norte,22,Mouse,Acessórios,30.0,4,120.0,17.23,2023-07-09
ORD0150,Masculino,Oeste,63,Mouse,Acessórios,62.19,5,150.0,10.81,2023-07-01
ORD0300,Masculino,Leste,66,Smartwatch,Relógios,200.0,4,800.0,16.99,2023-10-15
ORD0066,Feminino,Norte,37,Monitor,Eletrônicos,300.0,3,900.0,17.15,2024-01-03
ORD0255,Masculino,Sul,39,Laptop,Eletrônicos,1500.0,2,3000.0,11.24,2023-11-16
ORD0154,Feminino,Norte,31,Monitor,Eletrônicos,300.0,2,600.0,5.84,2023-08-19
ORD0112,Feminino,Oeste,33,Smartphone,Eletrônicos,800.0,2,1600.0,7.61,2023-12-08
ORD0130,Masculino,Leste,68,Headphones,Acessórios,100.0,4,400.0,14.97,2023-12-09
ORD0061,Feminino,Sul,35,Monitor,Eletrônicos,300.0,1,300.0,15.16,2023-10-25
ORD0046,Masculino,Leste,22,Laptop,Eletrônicos,1500.0,2,3000.0,15.58,2023-12-16
ORD0200,Feminino,Norte,68,Laptop,Eletrônicos,1500.0,1,1500.0,5.57,2023-08-06
ORD0001,Masculino,Leste,38,Laptop,Eletrônicos,1500.0,4,6000.0,11.28,2023-04-26
ORD0101,Feminino,Oeste,53,Smartphone,Eletrônicos,800.0,4,3200.0,14.35,2023-06-27
ORD0113,Feminino,Oeste,38,Keyboard,Acessórios,50.0,4,200.0,19.17,2023-01-26
ORD0076,Masculino,Sul,26,Mouse,Acessórios,30.0,1,30.0,10.22,2023-10-26
ORD0120,Masculino,Norte,35,Keyboard,Acessórios,50.0,3,150.0,12.89,2023-01-30
ORD0265,Feminino,Norte,38,Keyboard,Acessórios,50.0,4,200.0,7.52,2023-05-29
ORD0214,Feminino,Sul,45,Monitor,Eletrônicos,300.0,2,600.0,9.09,2023-10-02
ORD0058,Masculino,Norte,42,Monitor,Eletrônicos,300.0,4,1200.0,5.56,2023-06-06
ORD0288,Masculino,Norte,56,Smartwatch,Relógios,200.0,2,400.0,19.66,2023-01-31
ORD0210,Masculino,Sul,30,Monitor,Eletrônicos,300.0,1,300.0,11.26,2023-12-31
ORD0116,Masculino,Sul,20,Mouse,Acessórios,30.0,1,30.0,5.41,2023-01-05
ORD0059,Feminino,Sul,18,Laptop,Eletrônicos,1500.0,2,3000.0,10.13,2023-06-10
ORD0239,Feminino,Sul,35,Smartphone,Eletrônicos,800.0,4,3200.0,7.74,2023-05-26
ORD0099,Masculino,Oeste,25,Smartwatch,Relógios,200.0,1,200.0,8.28,2023-10-06
ORD0018,Feminino,Sul,38,Monitor,Eletrônicos,300.0,2,600.0,17.38,2023-04-16
ORD0028,Masculino,Oeste,50,Keyboard,Acessórios,50.0,4,200.0,11.39,2023-01-17
ORD0159,Masculino,Sul,18,Laptop,Eletrônicos,1500.0,3,4500.0,18.83,2023-03-22
ORD0053,Feminino,Sul,25,Smartwatch,Relógios,200.0,1,200.0,6.96,2023-11-20
ORD0015,Masculino,Norte,58,Laptop,Eletrônicos,1500.0,5,7500.0,6.21,2023-07-21
ORD0045,Masculino,Leste,21,Headphones,Acessórios,100.0,4,400.0,18.3,2023-07-26
ORD0156,Masculino,Oeste,57,Laptop,Eletrônicos,1500.0,5,7500.0,7.57,2023-05-18
ORD0238,Masculino,Leste,26,Monitor,Eletrônicos,621.91,2,600.0,7.02,2024-01-03
ORD0116,Masculino,Oeste,20,Monitor,Eletrônicos,300.0,2,600.0,11.06,2023-08-12
ORD0239,Feminino,Leste,35,Mouse,Acessórios,30.0,5,150.0,13.08,2023-08-16
ORD0268,Feminino,Sul,21,Mouse,Acessórios,30.0,3,90.0,10.49,2023-08-11
ORD0086,Masculino,Oeste,26,Monitor,Eletrônicos,300.0,2,600.0,12.94,2023-01-02
ORD0087,Feminino,Norte,49,Laptop,Eletrônicos,1500.0,2,3000.0,11.24,2023-07-28
ORD0077,Feminino,Norte,28,Monitor,Eletrônicos,621.91,3,900.0,14.86,2023-04-27
ORD0122,Masculino,Leste,68,Keyboard,Acessórios,50.0,2,100.0,11.09,2023-08-16
ORD0242,Masculino,Sul,58,Smartwatch,Relógios,200.0,5,1000.0,10.84,2023-10-22
ORD0079,Feminino,Norte,26,Laptop,Eletrônicos,1500.0,4,6000.0,5.57,2023-08-24
ORD0216,Masculino,Leste,53,Mouse,Acessórios,30.0,2,60.0,8.58,2023-10-27
ORD0016,Feminino,Oeste,53,Keyboard,Acessórios,50.0,3,150.0,10.05,2023-11-26
ORD0196,Masculino,Sul,37,Smartwatch,Relógios,200.0,2,400.0,18.38,2023-02-17
ORD0148,Masculino,Sul,67,Monitor,Eletrônicos,300.0,3,900.0,19.76,2023-11-09
ORD0295,Feminino,Oeste,26,Mouse,Acessórios,30.0,1,30.0,13.87,2023-06-10
ORD0048,Masculino,Leste,34,Smartwatch,Relógios,200.0,3,600.0,16.93,2023-04-13
ORD0115,Feminino,Sul,53,Mouse,Acessórios,30.0,3,90.0,6.18,2023-04-25
ORD0264,Feminino,Leste,39,Smartphone,Eletrônicos,800.0,4,3200.0,17.44,2023-03-03
ORD0216,Masculino,Sul,53,Monitor,Eletrônicos,300.0,3,900.0,12.14,2023-03-14
ORD0029,Masculino,Sul,66,Monitor,Eletrônicos,300.0,1,300.0,17.09,2023-04-03
ORD0180,Masculino,Sul,68,Keyboard,Acessórios,50.0,1,50.0,11.23,2023-04-02
ORD0184,Feminino,Leste,54,Smartphone,Eletrônicos,800.0,5,4000.0,5.41,2023-07-08
ORD0290,Masculino,Leste,37,Headphones,Acessórios,100.0,5,500.0,6.55,2023-04-20
ORD0228,Feminino,Leste,25,Smartwatch,Relógios,200.0,2,400.0,6.46,2023-10-19
ORD0243,Masculino,Oeste,58,Monitor,Eletrônicos,300.0,4,1200.0,14.16,2023-05-14
ORD0242,Feminino,Norte,58,Smartwatch,Relógios,200.0,3,600.0,14.74,2023-09-29
ORD0142,Masculino,Sul,32,Laptop,Eletrônicos,1500.0,1,1500.0,6.92,2023-12-26
ORD0131,Masculino,Leste,67,Mouse,Acessórios,30.0,1,30.0,13.84,2023-06-08
ORD0126,Masculino,Norte,66,Keyboard,Acessórios,50.0,4,200.0,10.69,2023-06-03
ORD0265,Masculino,Oeste,38,Headphones,Acessórios,100.0,3,300.0,8.2,2023-11-30
ORD0003,Masculino,Norte,63,Mouse,Acessórios,30.0,3,90.0,9.04,2023-02-14
ORD0212,Masculino,Oeste,62,Keyboard,Acessórios,50.0,2,100.0,8.68,2023-07-02
ORD0106,Feminino,Oeste,50,Smartphone,Eletrônicos,800.0,1,800.0,7.34,2023-06-13
ORD0118,Masculino,Oeste,23,Monitor,Eletrônicos,300.0,4,1200.0,11.76,2023-03-28
ORD0126,Masculino,Leste,66,Headphones,Acessórios,100.0,5,500.0,5.4,2023-12-24
ORD0292,Masculino,Sul,21,Mouse,Acessórios,30.0,4,120.0,13.68,2023-05-24
ORD0291,Feminino,Sul,49,Monitor,Eletrônicos,300.0,3,900.0,15.81,2023-05-21
ORD0085,Feminino,Norte,18,Keyboard,Acessórios,50.0,5,250.0,16.0,2023-01-05
ORD0166,Feminino,Oeste,29,Mouse,Acessórios,30.0,4,120.0,11.36,2023-11-19
ORD0040,Feminino,Leste,44,Keyboard,Acessórios,50.0,5,250.0,10.46,2023-08-02
ORD0295,Masculino,Norte,21,Monitor,Eletrônicos,300.0,1,300.0,9.06,2023-06-16
ORD0059,Feminino,Sul,18,Mouse,Acessórios,30.0,3,90.0,8.3,2023-02-06
ORD0281,Feminino,Leste,44,Headphones,Acessórios,100.0,3,300.0,13.94,2023-09-28
ORD0019,Masculino,Sul,69,Smartphone,Eletrônicos,800.0,4,3200.0,19.42,2023-11-07
ORD0004,Masculino,Norte,65,Keyboard,Acessórios,50.0,5,250.0,5.92,2023-04-04
ORD0279,Feminino,Oeste,59,Smartphone,Eletrônicos,800.0,5,4000.0,15.22,2023-11-24
ORD0069,Feminino,Leste,66,Headphones,Acessórios,100.0,2,200.0,8.65,2023-09-19
ORD0004,Masculino,Norte,65,Monitor,Eletrônicos,300.0,3,900.0,9.31,2023-02-14
ORD0060,Masculino,Sul,41,Keyboard,Acessórios,50.0,3,150.0,5.55,2023-03-13
ORD0154,Masculino,Norte,31,Mouse,Acessórios,30.0,1,30.0,9.26,2023-08-24
ORD0259,Masculino,Leste,59,Monitor,Eletrônicos,300.0,3,900.0,19.36,2023-05-01
ORD0203,Feminino,Leste,33,Laptop,Eletrônicos,1500.0,5,7500.0,16.44,2023-09-23
ORD0241,Feminino,Oeste,27,Smartphone,Eletrônicos,800.0,4,3200.0,13.94,2023-02-03
ORD0004,Feminino,Oeste,65,Smartphone,Eletrônicos,800.0,5,4000.0,15.8,2023-12-29
ORD0031,Masculino,Oeste,67,Smartphone,Eletrônicos,800.0,3,2400.0,7.05,2023-12-14
ORD0144,Masculino,Oeste,54,Mouse,Acessórios,30.0,4,120.0,14.5,2023-02-13
ORD0031,Feminino,Leste,67,Mouse,Acessórios,30.0,2,60.0,12.54,2023-03-26
ORD0218,Masculino,Leste,36,Smartphone,Eletrônicos,800.0,2,1600.0,16.62,2023-08-03
ORD0234,Masculino,Sul,44,Laptop,Eletrônicos,1500.0,5,7500.0,18.67,2023-09-12
ORD0050,Feminino,Oeste,40,Laptop,Eletrônicos,1500.0,1,1500.0,13.51,2023-07-21
ORD0140,Masculino,Sul,50,Mouse,Acessórios,30.0,3,90.0,12.43,2023-01-05
ORD0044,Masculino,Sul,30,Smartwatch,Relógios,200.0,4,800.0,13.9,2023-06-28
ORD0202,Masculino,Sul,56,Smartwatch,Relógios,200.0,3,600.0,19.03,2024-01-03
ORD0093,Feminino,Norte,66,Monitor,Eletrônicos,300.0,5,1500.0,18.92,2023-05-03
ORD0258,Feminino,Oeste,39,Monitor,Eletrônicos,300.0,1,300.0,9.04,2023-07-23
ORD0133,Feminino,Leste,47,Smartwatch,Relógios,200.0,1,200.0,12.27,2023-12-13
ORD0271,Masculino,Sul,46,Keyboard,Acessórios,50.0,5,250.0,19.63,2023-05-22
ORD0121,Feminino,Norte,66,Keyboard,Acessórios,50.0,3,150.0,10.21,2023-12-12
ORD0028,Masculino,Leste,50,Monitor,Eletrônicos,300.0,4,1200.0,14.64,2023-01-28
ORD0125,Masculino,Leste,47,Smartwatch,Relógios,200.0,3,600.0,6.36,2023-11-28
ORD0137,Feminino,Leste,19,Monitor,Eletrônicos,300.0,3,900.0,9.79,2023-12-02
ORD0240,Masculino,Oeste,39,Keyboard,Acessórios,50.0,1,50.0,6.14,2023-05-29
ORD0268,Masculino,Leste,21,Monitor,Eletrônicos,300.0,4,1200.0,10.03,2023-05-16
ORD0066,Feminino,Sul,37,Headphones,Acessórios,100.0,3,300.0,9.91,2023-08-01
ORD0068,Masculino,Sul,64,Mouse,Acessórios,30.0,1,30.0,19.22,2023-07-31
ORD0221,Masculino,Norte,40,Keyboard,Acessórios,50.0,3,150.0,10.81,2023-07-11
ORD0266,Masculino,Norte,29,Laptop,Eletrônicos,1500.0,2,3000.0,16.23,2023-01-26
ORD0129,Masculino,Sul,20,Smartphone,Eletrônicos,800.0,5,4000.0,15.97,2023-11-14
ORD0113,Masculino,Sul,38,Monitor,Eletrônicos,300.0,5,1500.0,19.39,2023-02-26
ORD0240,Masculino,Oeste,39,Smartphone,Eletrônicos,800.0,3,2400.0,9.92,2023-07-26
ORD0003,Masculino,Sul,63,Smartwatch,Relógios,200.0,4,800.0,10.23,2023-06-07
ORD0272,Feminino,Sul,52,Smartphone,Eletrônicos,800.0,1,800.0,10.65,2023-05-29
ORD0276,Masculino,Sul,66,Monitor,Eletrônicos,300.0,5,1500.0,8.06,2023-06-11
ORD0209,Masculino,Norte,63,Keyboard,Acessórios,50.0,5,250.0,5.88,2023-02-12
ORD0014,Masculino,Sul,20,Monitor,Eletrônicos,300.0,1,300.0,7.32,2023-12-18
ORD0186,Masculino,Sul,55,Smartphone,Eletrônicos,800.0,1,800.0,18.74,2023-07-17
ORD0198,Masculino,Leste,56,Laptop,Eletrônicos,1500.0,2,3000.0,19.05,2023-05-20
ORD0043,Masculino,Norte,22,Keyboard,Acessórios,50.0,4,200.0,11.99,2023-01-04
ORD0071,Masculino,Leste,46,Monitor,Eletrônicos,300.0,1,300.0,6.17,2023-12-10
ORD0131,Feminino,Leste,67,Smartphone,Eletrônicos,800.0,3,2400.0,7.3,2023-11-17
ORD0131,Feminino,Norte,67,Laptop,Eletrônicos,3109.56,4,6000.0,18.27,2023-08-26
ORD0232,Feminino,Leste,44,Laptop,Eletrônicos,1500.0,1,1500.0,12.37,2023-02-10
ORD0109,Masculino,Sul,57,Smartwatch,Relógios,200.0,3,600.0,5.88,2023-01-10
ORD0189,Masculino,Norte,38,Keyboard,Acessórios,50.0,5,250.0,12.92,2023-07-19
ORD0299,Feminino,Sul,58,Mouse,Acessórios,30.0,2,60.0,9.71,2023-03-27
ORD0270,Masculino,Norte,64,Smartwatch,Relógios,200.0,5,1000.0,19.0,2023-08-20
ORD0031,Masculino,Oeste,67,Mouse,Acessórios,30.0,3,90.0,7.63,2023-07-22
ORD0240,Masculino,Oeste,39,Mouse,Acessórios,30.0,5,150.0,5.6,2023-10-10
ORD0176,Masculino,Oeste,51,Keyboard,Acessórios,50.0,4,200.0,19.42,2023-05-30
ORD0252,Feminino,Leste,55,Smartwatch,Relógios,200.0,5,1000.0,13.29,2023-10-16
ORD0225,Feminino,Leste,55,Mouse,Acessórios,30.0,3,90.0,15.46,2023-05-04
ORD0238,Masculino,Oeste,26,Mouse,Acessórios,30.0,2,60.0,16.34,2023-11-02
ORD0276,Feminino,Norte,66,Headphones,Acessórios,100.0,4,400.0,7.41,2023-01-09
ORD0255,Feminino,Oeste,39,Monitor,Eletrônicos,300.0,1,300.0,13.28,2023-02-20
ORD0133,Masculino,Leste,47,Smartphone,Eletrônicos,800.0,4,3200.0,8.88,2023-07-31
ORD0097,Masculino,Leste,34,Smartwatch,Relógios,200.0,3,600.0,5.87,2023-06-25
ORD0239,Masculino,Norte,35,Headphones,Acessórios,100.0,4,400.0,11.97,2023-03-15
ORD0226,Masculino,Oeste,43,Headphones,Acessórios,100.0,2,200.0,15.85,2023-10-08
ORD0068,Feminino,Norte,64,Keyboard,Acessórios,50.0,5,250.0,13.3,2023-07-02
ORD0149,Feminino,Leste,40,Monitor,Eletrônicos,300.0,4,1200.0,17.21,2023-07-30
ORD0257,Feminino,Norte,54,Mouse,Acessórios,30.0,2,60.0,19.03,2023-01-11
ORD0299,Feminino,Norte,58,Smartwatch,Relógios,200.0,4,800.0,9.43,2023-08-03
ORD0123,Masculino,Norte,52,Smartwatch,Relógios,200.0,2,400.0,5.97,2023-09-25
ORD0231,Feminino,Norte,59,Laptop,Eletrônicos,1500.0,5,7500.0,5.11,2023-11-30
ORD0217,Masculino,Sul,18,Mouse,Acessórios,30.0,3,90.0,11.7,2023-10-20
ORD0142,Masculino,Leste,32,Headphones,Acessórios,100.0,5,500.0,12.38,2023-01-01
ORD0200,Feminino,Norte,68,Smartphone,Eletrônicos,800.0,4,3200.0,17.32,2023-08-05
ORD0079,Masculino,Oeste,26,Smartwatch,Relógios,200.0,2,400.0,7.14,2023-01-04
ORD0201,Feminino,Sul,49,Headphones,Acessórios,100.0,1,100.0,17.21,2023-01-05
ORD0133,Masculino,Leste,47,Laptop,Eletrônicos,1500.0,1,1500.0,19.19,2023-04-01
ORD0055,Feminino,Norte,18,Mouse,Acessórios,30.0,5,150.0,19.35,2023-10-20
ORD0023,Feminino,Sul,29,Laptop,Eletrônicos,1500.0,5,7500.0,10.36,2023-01-07
ORD0040,Masculino,Sul,29,Smartwatch,Relógios,200.0,1,200.0,7.53,2023-01-30
