ID Cliente,Gênero,Região,Idade,Nome do Produto,Categoria,Preço Unitário,Quantidade Comprada,Total,Taxa de Entrega,Data da Compra
CLI0268,Masculino,Norte,,Monitor,Eletrônicos,300.0,5,1500,13.31,2023-12-08
CLI0046,Masculino,Oeste,22.0,Headphones,Acessórios,100.0,2,200,6.93,2023-04-09
CLI0169,Feminino,Sul,54.0,Monitor,Eletrônicos,300.0,1,300,11.31,2023-08-28
CLI0002,Masculino,Norte,23.0,Headphones,Acessórios,100.0,5,500,12.22,2023-01-18
CLI0173,Feminino,Sul,,Laptop,Eletrônicos,1500.0,3,4500,5.4,2023-01-19
CLI0147,Masculino,Norte,64.0,Smartwatch,Relógios,200.0,2,400,11.26,2023-01-11
CLI0262,Masculino,Leste,27.0,Smartwatch,Relógios,200.0,1,200,18.38,2023-10-23
CLI0159,Feminino,Sul,18.0,Keyboard,Acessórios,50.0,2,100,15.08,2023-06-15
CLI0046,Feminino,Leste,22.0,Mouse,Acessórios,30.0,1,30,8.22,2023-02-25
CLI0023,Masculino,Oeste,29.0,Headphones,Acessórios,100.0,3,300,10.7,2023-04-23
CLI0201,Feminino,Leste,49.0,Headphones,Acessórios,100.0,2,200,9.8,2023-06-01
CLI0283,Feminino,Oeste,67.0,Mouse,Acessórios,30.0,3,90,5.65,2023-09-13
CLI0199,Feminino,Oeste,41.0,Keyboard,Acessórios,50.0,5,250,7.13,2023-02-17
CLI0039,Masculino,Sul,60.0,Keyboard,Acessórios,50.0,4,200,10.91,2023-12-10
CLI0276,Masculino,Oeste,66.0,Mouse,Acessórios,30.0,1,30,11.36,2023-06-29
CLI0143,Feminino,,36.0,Smartwatch,Relógios,200.0,3,600,7.89,2023-07-14
CLI0139,Masculino,Norte,57.0,Laptop,Eletrônicos,1500.0,4,6000,10.92,2023-05-13
CLI0210,Masculino,Sul,30.0,Smartphone,Eletrônicos,800.0,2,1600,11.44,2023-06-09
CLI0293,Feminino,Leste,32.0,Smartwatch,Relógios,200.0,5,1000,7.16,2023-06-21
CLI0049,Feminino,Oeste,59.0,Monitor,Eletrônicos,300.0,4,1200,17.37,2023-11-26
CLI0283,Feminino,Leste,67.0,Smartphone,Eletrônicos,800.0,5,4000,12.17,2023-11-08
CLI0196,Feminino,Sul,37.0,Mouse,Acessórios,30.0,3,90,19.41,2023-12-27
CLI0050,Masculino,Norte,,Mouse,Acessórios,30.0,3,90,6.97,2023-06-06
CLI0007,Feminino,Leste,52.0,Headphones,Acessórios,100.0,2,200,12.0,2023-10-28
CLI0242,Masculino,Norte,58.0,Smartphone,Eletrônicos,800.0,4,3200,18.11,2023-12-30
CLI0042,Feminino,Sul,57.0,Keyboard,Acessórios,50.0,1,50,9.6,2023-12-04
CLI0264,Masculino,Leste,59.0,Smartphone,Eletrônicos,1658.4323266595475,2,1600,11.59,2023-02-01
CLI0053,Feminino,Norte,25.0,Smartwatch,Relógios,200.0,1,200,14.9,2023-08-14
CLI0154,Feminino,Leste,31.0,Smartphone,Eletrônicos,800.0,1,800,19.22,2023-12-07
CLI0190,Masculino,Norte,28.0,Keyboard,Acessórios,50.0,4,200,15.31,2023-06-28
CLI0038,Feminino,Leste,57.0,Monitor,Eletrônicos,300.0,2,600,12.38,2023-11-17
CLI0288,Feminino,Sul,,Laptop,Eletrônicos,1500.0,4,6000,12.91,2023-01-25
CLI0124,Feminino,Sul,53.0,Monitor,Eletrônicos,300.0,2,600,18.38,2023-09-05
CLI0298,Feminino,Sul,58.0,Headphones,Acessórios,100.0,5,500,7.41,2023-09-17
CLI0211,Feminino,Sul,35.0,Mouse,Acessórios,30.0,3,90,11.42,2023-12-25
CLI0060,Masculino,Norte,41.0,Laptop,Eletrônicos,1500.0,4,6000,7.13,2023-01-14
CLI0284,Feminino,Oeste,64.0,Monitor,Eletrônicos,300.0,1,300,6.55,2023-08-01
CLI0282,Masculino,Norte,,Smartphone,Eletrônicos,800.0,2,1600,9.72,2023-02-12
CLI0205,Feminino,Sul,43.0,Monitor,Eletrônicos,300.0,2,600,18.27,2023-05-18
CLI0222,Feminino,,61.0,Smartphone,Eletrônicos,800.0,2,1600,6.01,2023-10-03
CLI0299,Masculino,Leste,58.0,Keyboard,Acessórios,50.0,2,100,9.57,2023-08-30
CLI0064,Masculino,Oeste,61.0,Monitor,Eletrônicos,300.0,1,300,13.82,2023-09-15
CLI0073,Masculino,Leste,19.0,Keyboard,Acessórios,50.0,4,200,5.32,2023-02-14
CLI0154,Masculino,Norte,31.0,Keyboard,Acessórios,50.0,3,150,7.46,2023-02-27
CLI0081,Masculino,Norte,38.0,Monitor,Eletrônicos,300.0,1,300,17.22,2023-08-13
CLI0247,Masculino,Leste,44.0,Headphones,Acessórios,100.0,2,200,8.15,2023-05-09
CLI0130,Masculino,Leste,68.0,Monitor,Eletrônicos,300.0,2,600,9.56,2023-12-23
CLI0178,Masculino,Oeste,44.0,Smartwatch,Relógios,200.0,3,600,18.09,2023-10-28
CLI0131,Feminino,Oeste,67.0,Laptop,Eletrônicos,1500.0,4,6000,7.01,2023-09-01
CLI0070,Masculino,Oeste,23.0,Monitor,Eletrônicos,300.0,3,900,12.58,2023-04-16
CLI0122,Masculino,Oeste,68.0,Headphones,Acessórios,100.0,2,200,13.49,2023-12-13
CLI0168,Feminino,Leste,42.0,Monitor,Eletrônicos,300.0,4,1200,18.15,2023-03-27
CLI0176,Masculino,Sul,51.0,Laptop,Eletrônicos,1500.0,2,3000,7.43,2023-11-16
CLI0064,Feminino,Oeste,61.0,Laptop,Eletrônicos,1500.0,2,3000,5.42,2023-06-14
CLI0125,Feminino,Sul,46.0,Smartphone,Eletrônicos,800.0,5,4000,10.62,2023-01-26
CLI0165,Feminino,Oeste,49.0,Keyboard,Acessórios,50.0,4,200,19.72,2023-12-25
CLI0057,Masculino,Norte,62.0,Keyboard,Acessórios,50.0,4,200,12.79,2023-09-29
CLI0207,Masculino,Sul,54.0,Laptop,Eletrônicos,1500.0,1,1500,5.16,2023-03-14
CLI0167,Feminino,Norte,67.0,Headphones,Acessórios,100.0,2,200,11.65,2023-12-14
CLI0006,Masculino,Sul,52.0,Laptop,Eletrônicos,1500.0,5,7500,19.69,2023-09-17
CLI0041,Masculino,Leste,64.0,Smartphone,Eletrônicos,800.0,4,3200,17.27,2023-08-08
CLI0112,Masculino,Norte,33.0,Monitor,Eletrônicos,300.0,4,1200,14.88,2023-04-12
CLI0244,Feminino,Oeste,24.0,Headphones,Acessórios,100.0,3,300,8.49,2023-02-21
CLI0218,Masculino,Leste,36.0,Headphones,Acessórios,100.0,2,200,7.71,2023-11-03
CLI0073,Masculino,Norte,19.0,Monitor,Eletrônicos,300.0,5,1500,13.7,2023-01-16
CLI0083,Masculino,Leste,28.0,Monitor,Eletrônicos,300.0,1,300,17.98,2024-01-03
CLI0065,Feminino,Leste,,Headphones,Acessórios,100.0,2,200,13.06,2023-02-05
CLI0096,Feminino,,61.0,Smartphone,Eletrônicos,800.0,4,3200,11.79,2023-02-07
CLI0060,Masculino,Sul,41.0,Keyboard,Acessórios,50.0,4,200,19.12,2023-04-03
CLI0045,Masculino,Leste,21.0,Mouse,Acessórios,30.0,1,30,6.17,2023-10-23
CLI0296,Feminino,Norte,50.0,Keyboard,Acessórios,50.0,2,100,13.82,2023-07-25
CLI0261,Masculino,Oeste,48.0,Laptop,Eletrônicos,1500.0,5,7500,15.95,2023-10-01
CLI0077,Masculino,Sul,50.0,Keyboard,Acessórios,50.0,5,250,10.89,2023-03-19
CLI0227,Feminino,Oeste,54.0,Keyboard,Acessórios,50.0,4,200,9.22,2023-10-05
CLI0284,Feminino,Norte,64.0,Keyboard,Acessórios,50.0,3,150,17.76,2023-04-11
CLI0245,Masculino,Norte,63.0,Mouse,Acessórios,30.0,1,30,13.28,2023-09-11
CLI0133,Feminino,Norte,47.0,Smartphone,Eletrônicos,800.0,1,800,11.29,2023-10-28
CLI0179,Masculino,Norte,45.0,Keyboard,Acessórios,50.0,2,100,19.04,2023-03-16
CLI0022,Feminino,Norte,33.0,Smartwatch,Relógios,200.0,2,400,10.07,2023-11-21
CLI0269,Feminino,Leste,64.0,Laptop,Eletrônicos,1500.0,5,7500,6.53,2023-12-03
CLI0181,Masculino,Leste,59.0,Smartwatch,Relógios,200.0,3,600,9.82,2023-02-08
CLI0170,Feminino,Sul,40.0,Mouse,Acessórios,30.0,5,150,8.64,2023-12-22
CLI0182,Masculino,Oeste,,Monitor,Eletrônicos,300.0,5,1500,7.77,2023-10-24
CLI0219,Masculino,,48.0,Mouse,Acessórios,62.191212249733034,2,60,7.4,2023-08-20
CLI0037,Masculino,Oeste,51.0,Keyboard,Acessórios,103.65202041622172,4,200,11.41,2023-05-20
CLI0006,Feminino,Oeste,52.0,Monitor,Eletrônicos,300.0,3,900,5.66,2023-02-18
CLI0125,Feminino,Oeste,46.0,Mouse,Acessórios,30.0,4,120,5.71,2024-01-03
CLI0006,Masculino,Norte,52.0,Smartwatch,Relógios,200.0,1,200,13.68,2023-08-02
CLI0091,Feminino,Sul,30.0,Mouse,Acessórios,30.0,1,30,18.29,2023-04-19
CLI0064,Masculino,Norte,61.0,Smartphone,Eletrônicos,800.0,5,4000,6.31,2023-06-29
CLI0286,Feminino,Norte,63.0,Laptop,Eletrônicos,1500.0,1,1500,13.15,2023-03-08
CLI0288,Masculino,Oeste,55.0,Headphones,Acessórios,100.0,2,200,16.23,2023-07-04
CLI0019,Feminino,Leste,69.0,Keyboard,Acessórios,50.0,1,50,14.53,2023-04-23
CLI0236,Masculino,Leste,18.0,Keyboard,Acessórios,50.0,2,100,11.25,2023-03-24
CLI0159,Masculino,Oeste,18.0,Keyboard,Acessórios,50.0,5,250,11.11,2023-09-11
CLI0251,Masculino,Norte,42.0,Mouse,Acessórios,30.0,2,60,18.98,2023-02-02
CLI0159,Masculino,Norte,18.0,Headphones,Acessórios,100.0,1,100,18.47,2023-08-13
CLI0064,Masculino,Oeste,61.0,Monitor,Eletrônicos,300.0,4,1200,18.5,2023-05-23
CLI0099,Feminino,Sul,26.0,Laptop,Eletrônicos,1500.0,4,6000,15.74,2023-08-12
CLI0228,Masculino,Norte,25.0,Smartphone,Eletrônicos,800.0,4,3200,18.2,2023-01-24
CLI0024,Feminino,Leste,57.0,Smartwatch,Relógios,200.0,2,400,17.94,2023-12-08
CLI0113,Masculino,Sul,38.0,Smartphone,Eletrônicos,800.0,2,1600,16.51,2023-09-14
CLI0192,Feminino,Norte,58.0,Smartwatch,Relógios,200.0,4,800,9.97,2023-11-12
CLI0153,Feminino,Leste,40.0,Monitor,Eletrônicos,300.0,1,300,6.85,2023-06-21
CLI0057,Feminino,Leste,62.0,Keyboard,Acessórios,50.0,5,250,14.04,2024-01-03
CLI0192,Masculino,,58.0,Keyboard,Acessórios,50.0,3,150,6.37,2024-01-03
CLI0150,Feminino,Norte,63.0,Laptop,Eletrônicos,1500.0,3,4500,18.66,2023-05-06
CLI0203,Masculino,Sul,33.0,Mouse,Acessórios,30.0,1,30,7.78,2023-01-03
CLI0163,Feminino,Norte,22.0,Headphones,Acessórios,100.0,3,300,6.16,2023-10-12
CLI0203,Feminino,Leste,33.0,Laptop,Eletrônicos,1500.0,3,4500,6.92,2023-06-26
CLI0223,Feminino,,20.0,Mouse,Acessórios,62.191212249733034,2,60,15.12,2023-05-26
CLI0266,Masculino,Norte,,Mouse,Acessórios,30.0,5,150,16.86,2023-11-08
CLI0227,Masculino,Oeste,54.0,Smartphone,Eletrônicos,800.0,3,2400,18.76,2023-12-07
CLI0289,Masculino,Oeste,37.0,Laptop,Eletrônicos,1500.0,5,7500,6.68,2023-07-06
CLI0046,Feminino,Sul,22.0,Laptop,Eletrônicos,1500.0,3,4500,11.69,2023-06-20
CLI0173,Masculino,,65.0,Headphones,Acessórios,100.0,1,100,19.28,2023-02-11
CLI0008,Feminino,Norte,,Headphones,Acessórios,100.0,5,500,16.04,2023-02-02
CLI0015,Masculino,Oeste,58.0,Headphones,Acessórios,100.0,3,300,6.08,2023-03-22
CLI0002,Masculino,Leste,23.0,Smartphone,Eletrônicos,800.0,1,800,12.64,2023-09-10
CLI0189,Feminino,Sul,38.0,Mouse,Acessórios,30.0,1,30,10.92,2023-02-22
CLI0137,Masculino,Norte,19.0,Smartphone,Eletrônicos,800.0,3,2400,16.82,2023-05-20
CLI0139,Masculino,Sul,,Smartwatch,Relógios,200.0,2,400,9.18,2023-06-26
CLI0033,Feminino,Sul,,Monitor,Eletrônicos,300.0,2,600,15.3,2023-04-12
CLI0297,Masculino,Norte,61.0,Monitor,Eletrônicos,300.0,2,600,13.84,2023-10-10
CLI0008,Feminino,Norte,18.0,Keyboard,Acessórios,50.0,3,150,13.86,2023-05-29
CLI0267,Masculino,Norte,29.0,Laptop,Eletrônicos,1500.0,3,4500,14.23,2023-06-01
CLI0028,Masculino,,50.0,Smartwatch,Relógios,200.0,5,1000,6.09,2023-08-22
CLI0078,Feminino,Norte,38.0,Laptop,Eletrônicos,1500.0,3,4500,19.98,2023-05-10
CLI0003,Masculino,Norte,63.0,Smartphone,Eletrônicos,800.0,5,4000,11.1,2023-11-06
CLI0049,Feminino,Norte,59.0,Laptop,Eletrônicos,1500.0,1,1500,12.63,2023-02-06
CLI0212,Feminino,Norte,,Laptop,Eletrônicos,1500.0,5,7500,10.18,2023-11-18
CLI0146,Masculino,Norte,47.0,Smartphone,Eletrônicos,800.0,1,800,10.16,2023-01-13
CLI0082,Feminino,,,Smartwatch,Relógios,200.0,1,200,6.03,2023-04-21
CLI0036,Feminino,Norte,33.0,Keyboard,Acessórios,50.0,1,50,6.06,2023-08-02
CLI0155,Feminino,Norte,41.0,Laptop,Eletrônicos,1500.0,2,3000,9.21,2023-02-02
CLI0138,Masculino,Norte,46.0,Keyboard,Acessórios,50.0,3,150,5.09,2023-03-16
CLI0201,Feminino,Norte,49.0,Mouse,Acessórios,30.0,2,60,8.39,2023-11-03
CLI0197,Feminino,Oeste,54.0,Mouse,Acessórios,30.0,2,60,8.59,2023-06-04
CLI0082,Masculino,Oeste,30.0,Laptop,Eletrônicos,1500.0,1,1500,9.98,2023-12-04
CLI0091,Masculino,Leste,30.0,Laptop,Eletrônicos,1500.0,5,7500,7.58,2023-09-26
CLI0066,Masculino,Oeste,37.0,Laptop,Eletrônicos,1500.0,2,3000,5.69,2023-01-18
CLI0026,Feminino,Leste,27.0,Monitor,Eletrônicos,300.0,1,300,16.61,2023-11-23
CLI0078,Feminino,Oeste,38.0,Smartwatch,Relógios,200.0,4,800,18.89,2023-05-03
CLI0281,Masculino,Oeste,44.0,Keyboard,Acessórios,50.0,4,200,19.81,2023-08-27
CLI0299,Masculino,Oeste,58.0,Headphones,Acessórios,100.0,5,500,14.5,2023-01-16
CLI0053,Feminino,Leste,25.0,Smartwatch,Relógios,200.0,5,1000,16.41,2023-07-25
CLI0239,Masculino,Norte,35.0,Smartwatch,Relógios,200.0,1,200,7.32,2023-11-18
CLI0069,Masculino,Leste,,Headphones,Acessórios,100.0,3,300,10.81,2023-12-07
CLI0245,Masculino,Oeste,63.0,Mouse,Acessórios,30.0,3,90,13.95,2023-05-15
CLI0258,Feminino,Sul,39.0,Monitor,Eletrônicos,300.0,4,1200,9.55,2023-05-16
CLI0177,Masculino,Sul,29.0,Smartwatch,Relógios,200.0,3,600,13.87,2023-03-18
CLI0140,Masculino,Leste,,Headphones,Acessórios,100.0,2,200,10.96,2023-03-08
CLI0089,Feminino,Norte,27.0,Mouse,Acessórios,30.0,3,90,6.45,2023-09-19
CLI0168,Feminino,Oeste,42.0,Smartphone,Eletrônicos,800.0,2,1600,13.79,2023-09-25
CLI0176,Masculino,Leste,51.0,Laptop,Eletrônicos,1500.0,3,4500,16.42,2023-10-28
CLI0089,Feminino,Sul,27.0,Monitor,Eletrônicos,300.0,3,900,7.99,2023-02-21
CLI0281,Feminino,Oeste,44.0,Keyboard,Acessórios,50.0,2,100,6.45,2023-08-28
CLI0044,Masculino,Leste,30.0,Mouse,Acessórios,30.0,5,150,16.62,2023-10-28
CLI0137,Feminino,Sul,,Monitor,Eletrônicos,300.0,5,1500,6.0,2023-11-08
CLI0174,Feminino,Leste,68.0,Laptop,Eletrônicos,1500.0,1,1500,16.34,2023-05-07
CLI0141,Feminino,Leste,58.0,Mouse,Acessórios,30.0,1,30,12.22,2023-10-03
CLI0202,Masculino,Sul,56.0,Mouse,Acessórios,30.0,3,90,5.07,2023-01-05
CLI0259,Masculino,Oeste,59.0,Laptop,Eletrônicos,1500.0,2,3000,7.5,2023-08-22
CLI0045,Feminino,Leste,21.0,Smartphone,Eletrônicos,800.0,3,2400,15.78,2023-11-07
CLI0168,Feminino,Oeste,42.0,Keyboard,Acessórios,50.0,1,50,15.92,2023-06-24
CLI0027,Feminino,,36.0,Keyboard,Acessórios,50.0,5,250,11.09,2023-06-06
CLI0228,Masculino,Sul,25.0,Mouse,Acessórios,30.0,4,120,18.6,2023-06-29
CLI0199,Feminino,Sul,41.0,Smartphone,Eletrônicos,800.0,4,3200,16.45,2023-01-18
CLI0065,Masculino,Norte,41.0,Headphones,Acessórios,100.0,5,500,19.62,2023-03-04
CLI0146,Feminino,Leste,47.0,Laptop,Eletrônicos,1500.0,3,4500,8.87,2023-09-11
CLI0093,Masculino,Norte,66.0,Monitor,Eletrônicos,300.0,1,300,16.58,2023-02-27
CLI0168,Feminino,Sul,42.0,Monitor,Eletrônicos,300.0,1,300,14.7,2023-11-16
CLI0216,Masculino,Sul,53.0,Smartphone,Eletrônicos,800.0,2,1600,16.23,2023-07-19
CLI0062,Masculino,Oeste,43.0,Headphones,Acessórios,100.0,4,400,11.4,2023-04-24
CLI0125,Masculino,Oeste,46.0,Smartphone,Eletrônicos,800.0,5,4000,19.08,2023-05-01
CLI0060,Masculino,,41.0,Keyboard,Acessórios,50.0,1,50,5.56,2023-06-26
CLI0056,Feminino,Sul,23.0,Smartwatch,Relógios,200.0,2,400,5.73,2024-01-03
CLI0247,Masculino,Sul,44.0,Smartphone,Eletrônicos,800.0,1,800,7.11,2023-01-19
CLI0131,Feminino,Leste,67.0,Monitor,Eletrônicos,300.0,1,300,15.92,2023-05-03
CLI0114,Feminino,Oeste,60.0,Monitor,Eletrônicos,300.0,3,900,18.61,2023-07-21
CLI0082,Feminino,,,Smartphone,Eletrônicos,800.0,4,3200,13.77,2023-10-11
CLI0184,Feminino,Oeste,54.0,Mouse,Acessórios,30.0,3,90,14.78,2023-06-15
CLI0075,Feminino,Sul,56.0,Monitor,Eletrônicos,300.0,2,600,13.6,2023-08-16
CLI0142,Masculino,Leste,32.0,Monitor,Eletrônicos,300.0,1,300,15.5,2023-04-14
CLI0076,Masculino,Leste,26.0,Headphones,Acessórios,100.0,5,500,16.96,2023-10-24
CLI0105,Masculino,Leste,27.0,Smartwatch,Relógios,200.0,5,1000,12.0,2023-07-14
CLI0004,Feminino,Oeste,65.0,Keyboard,Acessórios,50.0,3,150,19.62,2023-12-06
CLI0127,Masculino,Norte,62.0,Smartwatch,Relógios,200.0,2,400,11.66,2023-08-31
CLI0072,Masculino,Sul,21.0,Headphones,Acessórios,100.0,1,100,11.24,2023-09-02
CLI0216,Masculino,Norte,53.0,Smartphone,Eletrônicos,800.0,4,3200,6.27,2023-04-06
CLI0156,Feminino,Sul,57.0,Smartphone,Eletrônicos,800.0,4,3200,16.09,2023-12-29
CLI0052,Masculino,Norte,66.0,Mouse,Acessórios,30.0,4,120,8.24,2023-06-09
CLI0226,Feminino,Oeste,,Smartphone,Eletrônicos,800.0,4,3200,17.91,2023-06-14
CLI0270,Feminino,Oeste,64.0,Laptop,Eletrônicos,1500.0,1,1500,18.88,2023-07-14
CLI0269,Masculino,Norte,64.0,Monitor,Eletrônicos,621.9121224973303,5,1500,6.93,2023-04-23
CLI0183,Feminino,Oeste,42.0,Smartphone,Eletrônicos,800.0,3,2400,7.22,2023-10-21
CLI0205,Masculino,Sul,43.0,Keyboard,Acessórios,50.0,2,100,5.05,2023-10-09
CLI0080,Feminino,Leste,51.0,Headphones,Acessórios,100.0,1,100,19.84,2023-05-27
CLI0208,Feminino,Oeste,57.0,Laptop,Eletrônicos,1500.0,1,1500,16.28,2023-02-01
CLI0186,Feminino,Oeste,55.0,Mouse,Acessórios,30.0,5,150,17.36,2023-05-07
CLI0109,Feminino,,57.0,Mouse,Acessórios,30.0,1,30,9.59,2023-03-12
CLI0028,Feminino,Leste,50.0,Headphones,Acessórios,100.0,5,500,16.11,2023-11-07
CLI0083,Masculino,Oeste,28.0,Keyboard,Acessórios,50.0,2,100,9.48,2023-09-14
CLI0027,Feminino,Sul,36.0,Monitor,Eletrônicos,300.0,2,600,18.44,2023-03-19
CLI0203,Feminino,Sul,33.0,Keyboard,Acessórios,50.0,5,250,8.43,2023-10-05
CLI0095,Feminino,Leste,,Laptop,Eletrônicos,1500.0,5,7500,7.38,2023-06-18
CLI0204,Masculino,Norte,54.0,Smartphone,Eletrônicos,800.0,2,1600,6.45,2023-03-16
CLI0165,Masculino,Oeste,49.0,Keyboard,Acessórios,50.0,1,50,8.97,2023-05-23
CLI0269,Masculino,Norte,64.0,Headphones,Acessórios,100.0,3,300,11.64,2023-11-24
CLI0134,Masculino,Norte,,Monitor,Eletrônicos,621.9121224973303,5,1500,7.22,2023-08-05
CLI0116,Feminino,Leste,,Headphones,Acessórios,100.0,2,200,15.13,2023-01-23
CLI0137,Feminino,Oeste,19.0,Smartphone,Eletrônicos,800.0,3,2400,11.21,2023-08-01
CLI0100,Masculino,Oeste,29.0,Keyboard,Acessórios,50.0,2,100,5.18,2023-04-14
CLI0282,Masculino,Norte,68.0,Smartwatch,Relógios,200.0,3,600,7.93,2023-06-22
CLI0094,Masculino,Norte,30.0,Laptop,Eletrônicos,1500.0,1,1500,14.53,2023-04-18
CLI0194,Feminino,Oeste,61.0,Mouse,Acessórios,62.191212249733034,1,30,10.41,2023-01-28
CLI0174,Feminino,Norte,,Smartphone,Eletrônicos,800.0,4,3200,9.45,2023-05-08
CLI0273,Feminino,Sul,,Laptop,Eletrônicos,1500.0,2,3000,9.01,2023-06-07
CLI0188,Masculino,Norte,29.0,Smartphone,Eletrônicos,800.0,5,4000,6.06,2023-02-24
CLI0109,Masculino,Oeste,57.0,Keyboard,Acessórios,50.0,3,150,11.12,2023-02-16
CLI0081,Masculino,Oeste,38.0,Smartwatch,Relógios,200.0,3,600,19.89,2023-08-07
CLI0298,Masculino,Norte,58.0,Smartphone,Eletrônicos,800.0,4,3200,18.55,2023-04-04
CLI0189,Feminino,Leste,38.0,Monitor,Eletrônicos,300.0,1,300,11.89,2023-05-01
CLI0092,Feminino,Leste,32.0,Smartphone,Eletrônicos,800.0,3,2400,14.12,2023-09-28
CLI0254,Feminino,Oeste,,Mouse,Acessórios,30.0,2,60,7.56,2023-12-25
CLI0150,Masculino,Sul,63.0,Headphones,Acessórios,100.0,4,400,11.39,2023-05-06
CLI0264,Feminino,Oeste,59.0,Keyboard,Acessórios,103.65202041622172,4,200,10.49,2023-08-21
CLI0105,Masculino,Oeste,27.0,Headphones,Acessórios,100.0,3,300,17.92,2023-03-13
CLI0253,Feminino,Oeste,51.0,Laptop,Eletrônicos,1500.0,1,1500,12.36,2023-02-28
CLI0188,Masculino,Oeste,29.0,Monitor,Eletrônicos,300.0,4,1200,8.15,2023-07-26
CLI0052,Masculino,Leste,66.0,Monitor,Eletrônicos,300.0,2,600,19.1,2023-07-02
CLI0204,Masculino,Leste,54.0,Smartwatch,Relógios,200.0,5,1000,10.03,2023-10-17
CLI0180,Masculino,Leste,68.0,Monitor,Eletrônicos,300.0,3,900,5.0,2023-10-18
CLI0189,Feminino,Oeste,,Laptop,Eletrônicos,1500.0,3,4500,9.92,2023-04-06
CLI0023,Feminino,Sul,29.0,Monitor,Eletrônicos,300.0,3,900,18.32,2023-07-20
CLI0263,Feminino,Oeste,40.0,Smartwatch,Relógios,200.0,1,200,8.82,2023-04-08
CLI0195,Masculino,Oeste,48.0,Keyboard,Acessórios,50.0,3,150,16.84,2023-01-08
CLI0272,Feminino,Oeste,52.0,Laptop,Eletrônicos,1500.0,5,7500,9.45,2023-05-13
CLI0256,Masculino,Leste,69.0,Monitor,Eletrônicos,300.0,4,1200,8.25,2023-08-15
CLI0131,Masculino,Norte,67.0,Smartphone,Eletrônicos,800.0,4,3200,14.61,2023-09-18
CLI0279,Feminino,Norte,59.0,Mouse,Acessórios,30.0,1,30,6.08,2023-02-15
CLI0250,Feminino,Oeste,64.0,Smartwatch,Relógios,200.0,2,400,15.94,2023-11-28
CLI0012,Masculino,Leste,,Mouse,Acessórios,30.0,3,90,16.49,2023-07-29
CLI0127,Feminino,Sul,62.0,Smartphone,Eletrônicos,800.0,4,3200,6.66,2023-07-10
CLI0128,Feminino,Norte,52.0,Monitor,Eletrônicos,621.9121224973303,3,900,11.04,2023-10-25
CLI0155,Masculino,Oeste,41.0,Headphones,Acessórios,100.0,3,300,11.98,2023-06-12
CLI0115,Masculino,Sul,53.0,Headphones,Acessórios,100.0,5,500,5.93,2023-07-22
CLI0115,Masculino,Oeste,53.0,Smartwatch,Relógios,200.0,5,1000,19.43,2023-06-25
CLI0282,Masculino,Leste,68.0,Smartphone,Eletrônicos,800.0,3,2400,8.23,2023-11-29
CLI0158,Masculino,Oeste,51.0,Smartphone,Eletrônicos,800.0,1,800,18.58,2023-10-03
CLI0088,Feminino,Sul,66.0,Laptop,Eletrônicos,1500.0,1,1500,13.16,2023-02-06
CLI0124,Masculino,Sul,53.0,Monitor,Eletrônicos,300.0,2,600,8.51,2023-05-17
CLI0055,Feminino,Norte,45.0,Smartwatch,Relógios,200.0,2,400,10.82,2023-09-23
CLI0201,Feminino,Sul,49.0,Laptop,Eletrônicos,1500.0,3,4500,17.62,2023-12-25
CLI0256,Feminino,Oeste,69.0,Mouse,Acessórios,30.0,5,150,9.07,2023-02-19
CLI0055,Masculino,Leste,45.0,Keyboard,Acessórios,50.0,1,50,11.27,2023-09-13
CLI0076,Masculino,Sul,26.0,Monitor,Eletrônicos,300.0,4,1200,6.9,2023-11-05
CLI0273,Masculino,Sul,55.0,Monitor,Eletrônicos,300.0,3,900,7.31,2023-01-15
CLI0022,Feminino,,33.0,Mouse,Acessórios,30.0,1,30,15.29,2023-02-27
CLI0204,Masculino,Leste,54.0,Laptop,Eletrônicos,1500.0,2,3000,12.68,2023-05-11
CLI0194,Feminino,Sul,61.0,Mouse,Acessórios,30.0,1,30,19.54,2023-04-16
CLI0138,Masculino,Leste,46.0,Smartphone,Eletrônicos,800.0,4,3200,17.82,2023-03-17
CLI0071,Feminino,Norte,46.0,Mouse,Acessórios,30.0,4,120,10.01,2023-04-11
CLI0044,Feminino,Norte,30.0,Keyboard,Acessórios,50.0,4,200,16.61,2023-10-16
CLI0273,Masculino,Sul,55.0,Headphones,Acessórios,100.0,4,400,18.99,2023-10-16
CLI0196,Feminino,Leste,37.0,Headphones,Acessórios,100.0,4,400,11.4,2023-02-22
CLI0212,Feminino,Leste,62.0,Mouse,Acessórios,30.0,2,60,8.36,2023-07-17
CLI0106,Feminino,Leste,,Mouse,Acessórios,30.0,5,150,10.03,2023-06-30
CLI0133,Masculino,Norte,47.0,Headphones,Acessórios,100.0,3,300,15.0,2023-07-09
CLI0262,Masculino,Oeste,27.0,Mouse,Acessórios,30.0,4,120,16.05,2023-05-07
CLI0280,Feminino,Leste,44.0,Keyboard,Acessórios,50.0,4,200,12.3,2023-03-22
CLI0074,Masculino,Norte,36.0,Smartwatch,Relógios,200.0,2,400,12.03,2023-08-28
CLI0300,Feminino,Leste,,Mouse,Acessórios,30.0,3,90,11.56,2023-01-17
CLI0027,Feminino,Norte,36.0,Laptop,Eletrônicos,1500.0,4,6000,11.21,2023-10-16
CLI0016,Masculino,Sul,61.0,Smartphone,Eletrônicos,800.0,1,800,17.43,2023-01-10
CLI0152,Masculino,Sul,69.0,Smartphone,Eletrônicos,800.0,3,2400,13.57,2023-03-25
CLI0278,Feminino,Leste,52.0,Smartwatch,Relógios,200.0,3,600,10.21,2023-01-29
CLI0095,Feminino,Sul,60.0,Smartphone,Eletrônicos,800.0,5,4000,18.75,2023-01-19
CLI0229,Masculino,Oeste,45.0,Monitor,Eletrônicos,300.0,1,300,16.7,2023-09-16
CLI0128,Masculino,Oeste,52.0,Monitor,Eletrônicos,300.0,1,300,14.67,2023-07-21
CLI0032,Feminino,Sul,63.0,Monitor,Eletrônicos,300.0,5,1500,18.0,2023-03-21
CLI0283,Feminino,Sul,67.0,Keyboard,Acessórios,50.0,5,250,10.04,2023-05-03
CLI0238,Masculino,Oeste,26.0,Keyboard,Acessórios,50.0,4,200,10.23,2023-01-24
CLI0051,Masculino,Oeste,41.0,Smartwatch,Relógios,200.0,4,800,8.56,2024-01-03
CLI0144,Feminino,Sul,,Smartphone,Eletrônicos,800.0,5,4000,10.52,2023-12-01
CLI0134,Masculino,Sul,58.0,Monitor,Eletrônicos,300.0,5,1500,19.72,2023-05-16
CLI0129,Masculino,Sul,66.0,Mouse,Acessórios,30.0,2,60,9.19,2023-05-07
CLI0148,Feminino,Oeste,67.0,Headphones,Acessórios,100.0,2,200,19.58,2023-06-01
CLI0211,Masculino,Norte,35.0,Smartphone,Eletrônicos,800.0,5,4000,15.61,2023-01-27
CLI0272,Masculino,Sul,52.0,Keyboard,Acessórios,50.0,2,100,13.78,2023-09-04
CLI0092,Feminino,Leste,32.0,Mouse,Acessórios,30.0,5,150,15.68,2023-11-06
CLI0203,Feminino,,33.0,Smartwatch,Relógios,200.0,1,200,14.86,2023-09-24
CLI0109,Masculino,Norte,57.0,Smartwatch,Relógios,200.0,1,200,13.34,2023-09-08
CLI0204,Feminino,Sul,54.0,Laptop,Eletrônicos,1500.0,5,7500,5.02,2023-08-28
CLI0291,Masculino,Oeste,49.0,Smartwatch,Relógios,200.0,4,800,18.56,2023-03-18
CLI0153,Feminino,Sul,40.0,Headphones,Acessórios,100.0,5,500,14.22,2023-02-02
CLI0220,Masculino,Norte,67.0,Headphones,Acessórios,100.0,5,500,13.85,2023-03-15
CLI0199,Feminino,Norte,41.0,Mouse,Acessórios,30.0,3,90,18.37,2024-01-03
CLI0245,Masculino,Oeste,63.0,Smartphone,Eletrônicos,800.0,2,1600,19.63,2023-12-27
CLI0228,Masculino,Norte,25.0,Smartphone,Eletrônicos,800.0,1,800,5.64,2023-09-23
CLI0106,Masculino,Norte,50.0,Laptop,Eletrônicos,1500.0,5,7500,15.14,2023-06-08
CLI0174,Masculino,Oeste,68.0,Mouse,Acessórios,30.0,4,120,14.02,2023-09-13
CLI0161,Masculino,Oeste,62.0,Smartwatch,Relógios,200.0,3,600,17.9,2023-01-03
CLI0204,Masculino,Sul,54.0,Smartphone,Eletrônicos,800.0,1,800,7.77,2023-07-23
CLI0062,Masculino,Oeste,43.0,Smartwatch,Relógios,200.0,2,400,13.02,2023-10-08
CLI0114,Masculino,Sul,60.0,Keyboard,Acessórios,50.0,1,50,6.25,2023-02-06
CLI0102,Masculino,Oeste,25.0,Monitor,Eletrônicos,300.0,3,900,9.94,2023-10-21
CLI0140,Masculino,Leste,50.0,Smartphone,Eletrônicos,800.0,1,800,10.36,2023-05-25
CLI0142,Feminino,Sul,32.0,Smartphone,Eletrônicos,800.0,1,800,8.45,2023-04-28
CLI0016,Masculino,Leste,61.0,Smartphone,Eletrônicos,800.0,2,1600,19.07,2023-10-03
CLI0023,Masculino,Sul,,Keyboard,Acessórios,50.0,5,250,10.03,2023-11-01
CLI0008,Feminino,Oeste,18.0,Mouse,Acessórios,30.0,4,120,8.76,2023-06-30
CLI0268,Masculino,Norte,21.0,Monitor,Eletrônicos,300.0,2,600,5.69,2023-08-03
CLI0162,Masculino,Leste,69.0,Headphones,Acessórios,100.0,1,100,6.43,2023-05-26
CLI0121,Feminino,Oeste,66.0,Smartwatch,Relógios,200.0,5,1000,19.19,2023-09-19
CLI0047,Feminino,Oeste,41.0,Smartwatch,Relógios,200.0,3,600,10.92,2023-06-18
CLI0148,Masculino,Leste,67.0,Keyboard,Acessórios,50.0,5,250,11.17,2023-03-03
CLI0251,Feminino,Leste,42.0,Smartphone,Eletrônicos,800.0,3,2400,10.65,2023-11-18
CLI0028,Feminino,Oeste,50.0,Monitor,Eletrônicos,300.0,1,300,14.36,2023-08-05
CLI0174,Feminino,Leste,68.0,Headphones,Acessórios,100.0,4,400,11.92,2023-10-31
CLI0296,Feminino,Leste,50.0,Smartphone,Eletrônicos,800.0,5,4000,13.43,2023-08-11
CLI0085,Masculino,,,Smartphone,Eletrônicos,800.0,1,800,16.2,2023-11-25
CLI0281,Masculino,Oeste,44.0,Laptop,Eletrônicos,1500.0,5,7500,7.21,2023-11-21
CLI0010,Feminino,Leste,37.0,Headphones,Acessórios,100.0,3,300,7.41,2023-03-27
CLI0186,Feminino,Oeste,55.0,Laptop,Eletrônicos,1500.0,1,1500,19.04,2023-10-20
CLI0281,Feminino,Norte,44.0,Laptop,Eletrônicos,1500.0,2,3000,9.87,2023-11-27
CLI0031,Feminino,Leste,67.0,Smartphone,Eletrônicos,800.0,5,4000,9.6,2023-10-22
CLI0270,Feminino,Leste,,Headphones,Acessórios,100.0,3,300,13.33,2023-02-10
CLI0039,Feminino,Norte,60.0,Smartphone,Eletrônicos,800.0,2,1600,19.2,2023-08-11
CLI0063,Masculino,Sul,20.0,Keyboard,Acessórios,50.0,1,50,17.61,2023-08-13
CLI0097,Feminino,Leste,34.0,Smartwatch,Relógios,200.0,1,200,17.66,2023-05-21
CLI0067,Feminino,Norte,19.0,Laptop,Eletrônicos,1500.0,4,6000,14.45,2023-11-08
CLI0124,Feminino,Leste,,Smartphone,Eletrônicos,800.0,4,3200,19.17,2023-06-17
CLI0284,Feminino,Sul,64.0,Monitor,Eletrônicos,300.0,3,900,19.12,2023-06-17
CLI0010,Masculino,Oeste,37.0,Monitor,Eletrônicos,300.0,1,300,9.72,2023-03-30
CLI0276,Feminino,Oeste,66.0,Monitor,Eletrônicos,300.0,1,300,18.63,2023-11-01
CLI0256,Masculino,Sul,69.0,Smartphone,Eletrônicos,800.0,3,2400,5.26,2023-10-07
CLI0221,Feminino,Sul,33.0,Mouse,Acessórios,30.0,2,60,15.69,2023-10-21
CLI0062,Feminino,Oeste,43.0,Monitor,Eletrônicos,300.0,3,900,8.58,2023-11-02
CLI0219,Feminino,Sul,48.0,Headphones,Acessórios,207.30404083244343,1,100,9.55,2023-01-23
CLI0053,Masculino,,25.0,Keyboard,Acessórios,50.0,3,150,11.95,2023-10-18
CLI0144,Feminino,Sul,54.0,Smartphone,Eletrônicos,800.0,4,3200,7.86,2023-08-07
CLI0081,Masculino,Sul,38.0,Monitor,Eletrônicos,300.0,5,1500,12.67,2023-01-05
CLI0044,Feminino,Sul,30.0,Monitor,Eletrônicos,300.0,2,600,16.31,2023-07-25
CLI0055,Feminino,Sul,45.0,Smartwatch,Relógios,200.0,3,600,18.24,2023-11-25
CLI0272,Masculino,Norte,52.0,Mouse,Acessórios,30.0,3,90,11.88,2023-05-18
CLI0126,Feminino,Sul,66.0,Mouse,Acessórios,30.0,2,60,5.53,2023-10-16
CLI0167,Masculino,Sul,67.0,Smartwatch,Relógios,200.0,3,600,8.01,2023-03-27
CLI0043,Feminino,Sul,22.0,Mouse,Acessórios,30.0,4,120,19.24,2023-10-25
CLI0201,Masculino,Oeste,49.0,Monitor,Eletrônicos,300.0,2,600,7.0,2023-09-21
CLI0237,Masculino,Sul,65.0,Smartwatch,Relógios,200.0,3,600,6.94,2024-01-03
CLI0028,Feminino,Leste,,Laptop,Eletrônicos,1500.0,1,1500,6.62,2023-02-22
CLI0150,Feminino,Norte,63.0,Monitor,Eletrônicos,300.0,3,900,19.87,2023-08-23
CLI0247,Masculino,Sul,44.0,Keyboard,Acessórios,50.0,2,100,10.09,2023-08-01
CLI0058,Feminino,Leste,42.0,Monitor,Eletrônicos,300.0,2,600,6.22,2023-08-06
CLI0281,Masculino,Oeste,,Laptop,Eletrônicos,1500.0,4,6000,7.66,2023-01-01
CLI0041,Masculino,Leste,64.0,Smartphone,Eletrônicos,800.0,4,3200,5.82,2023-10-02
CLI0204,Masculino,Leste,54.0,Monitor,Eletrônicos,300.0,4,1200,18.4,2023-04-29
CLI0095,Feminino,Norte,60.0,Smartwatch,Relógios,200.0,2,400,18.88,2023-07-24
CLI0272,Feminino,Norte,52.0,Smartwatch,Relógios,200.0,3,600,15.36,2023-09-17
CLI0069,Masculino,Leste,,Monitor,Eletrônicos,300.0,4,1200,16.88,2023-09-26
CLI0202,Masculino,Sul,56.0,Headphones,Acessórios,100.0,4,400,19.94,2023-06-07
CLI0054,Feminino,Norte,64.0,Headphones,Acessórios,100.0,1,100,10.32,2023-03-12
CLI0187,Feminino,Leste,25.0,Keyboard,Acessórios,50.0,4,200,7.33,2023-10-24
CLI0065,Masculino,Sul,41.0,Smartphone,Eletrônicos,800.0,5,4000,6.41,2023-12-01
CLI0019,Masculino,Oeste,69.0,Smartwatch,Relógios,200.0,1,200,12.86,2023-08-16
CLI0054,Feminino,Norte,64.0,Keyboard,Acessórios,50.0,1,50,13.13,2023-02-13
CLI0018,Feminino,,38.0,Mouse,Acessórios,30.0,2,60,17.21,2023-11-28
CLI0059,Masculino,Norte,18.0,Laptop,Eletrônicos,1500.0,2,3000,7.81,2023-06-22
CLI0075,Feminino,Sul,56.0,Mouse,Acessórios,30.0,5,150,5.44,2023-06-23
CLI0129,Feminino,Leste,66.0,Smartphone,Eletrônicos,800.0,3,2400,19.63,2023-07-28
CLI0103,Masculino,Norte,,Smartphone,Eletrônicos,800.0,1,800,15.79,2023-10-30
CLI0176,Feminino,Sul,51.0,Laptop,Eletrônicos,1500.0,3,4500,5.72,2023-11-10
CLI0299,Feminino,Oeste,58.0,Smartwatch,Relógios,200.0,3,600,9.69,2024-01-03
CLI0178,Feminino,Sul,44.0,Smartphone,Eletrônicos,1658.4323266595475,3,2400,19.31,2023-06-03
CLI0138,Feminino,Leste,46.0,Laptop,Eletrônicos,1500.0,4,6000,16.31,2023-06-29
CLI0152,Masculino,Leste,69.0,Mouse,Acessórios,30.0,1,30,10.99,2023-10-06
CLI0212,Feminino,Oeste,62.0,Smartphone,Eletrônicos,800.0,3,2400,16.12,2023-08-01
CLI0208,Feminino,Sul,57.0,Smartwatch,Relógios,200.0,2,400,8.71,2023-05-18
CLI0026,Masculino,Leste,27.0,Smartphone,Eletrônicos,800.0,5,4000,12.26,2023-05-02
CLI0224,Feminino,Leste,57.0,Smartphone,Eletrônicos,800.0,1,800,19.34,2023-11-20
CLI0131,Feminino,Oeste,67.0,Laptop,Eletrônicos,1500.0,2,3000,18.81,2023-08-10
CLI0019,Masculino,Norte,69.0,Monitor,Eletrônicos,300.0,1,300,14.91,2023-04-05
CLI0291,Feminino,Norte,49.0,Mouse,Acessórios,30.0,1,30,5.6,2023-04-19
CLI0032,Masculino,Oeste,63.0,Laptop,Eletrônicos,1500.0,3,4500,19.69,2023-12-30
CLI0230,Masculino,Sul,,Laptop,Eletrônicos,1500.0,4,6000,15.12,2023-11-10
CLI0285,Feminino,Norte,58.0,Headphones,Acessórios,100.0,1,100,5.25,2023-01-14
CLI0199,Masculino,Norte,41.0,Headphones,Acessórios,100.0,1,100,18.38,2023-07-05
CLI0045,Feminino,Leste,21.0,Monitor,Eletrônicos,300.0,3,900,15.22,2024-01-03
CLI0063,Masculino,Norte,20.0,Monitor,Eletrônicos,300.0,4,1200,15.57,2023-11-06
CLI0178,Masculino,Leste,44.0,Laptop,Eletrônicos,1500.0,5,7500,8.03,2023-01-20
CLI0210,Feminino,Norte,30.0,Monitor,Eletrônicos,300.0,5,1500,16.68,2023-05-06
CLI0105,Feminino,Norte,27.0,Headphones,Acessórios,100.0,2,200,12.44,2023-10-21
CLI0198,Masculino,Sul,,Monitor,Eletrônicos,300.0,3,900,6.39,2023-12-30
CLI0241,Feminino,Leste,27.0,Keyboard,Acessórios,50.0,1,50,11.72,2023-07-10
CLI0201,Feminino,Oeste,49.0,Smartphone,Eletrônicos,800.0,2,1600,6.85,2024-01-03
CLI0052,Masculino,Sul,66.0,Mouse,Acessórios,30.0,4,120,14.27,2023-02-05
CLI0258,Feminino,Norte,39.0,Laptop,Eletrônicos,1500.0,3,4500,15.91,2023-02-03
CLI0123,Masculino,Sul,52.0,Laptop,Eletrônicos,1500.0,5,7500,16.01,2023-11-22
CLI0285,Masculino,Sul,,Smartphone,Eletrônicos,800.0,3,2400,19.44,2023-06-03
CLI0279,Feminino,Oeste,59.0,Mouse,Acessórios,30.0,3,90,7.34,2023-04-26
CLI0052,Feminino,Leste,66.0,Headphones,Acessórios,100.0,3,300,13.21,2023-03-13
CLI0200,Feminino,Oeste,,Laptop,Eletrônicos,1500.0,5,7500,11.03,2023-01-11
CLI0103,Feminino,Sul,23.0,Keyboard,Acessórios,50.0,5,250,14.12,2023-04-10
CLI0129,Feminino,Norte,66.0,Smartwatch,Relógios,200.0,5,1000,10.43,2023-03-07
CLI0012,Feminino,Norte,28.0,Laptop,Eletrônicos,1500.0,1,1500,12.71,2023-08-31
CLI0139,Masculino,Leste,57.0,Smartphone,Eletrônicos,800.0,2,1600,12.55,2023-01-02
CLI0108,Masculino,Sul,,Keyboard,Acessórios,50.0,2,100,6.85,2023-10-19
CLI0196,Masculino,Oeste,37.0,Laptop,Eletrônicos,1500.0,2,3000,17.23,2023-01-10
CLI0007,Masculino,Leste,52.0,Headphones,Acessórios,100.0,3,300,19.53,2023-01-16
CLI0118,Masculino,Oeste,,Smartwatch,Relógios,200.0,3,600,18.62,2023-07-23
CLI0227,Feminino,Leste,54.0,Mouse,Acessórios,30.0,5,150,14.71,2023-12-04
CLI0219,Feminino,Sul,48.0,Keyboard,Acessórios,50.0,2,100,12.46,2023-04-09
CLI0297,Masculino,Leste,61.0,Monitor,Eletrônicos,300.0,2,600,12.26,2023-04-25
CLI0098,Feminino,Leste,57.0,Headphones,Acessórios,100.0,4,400,8.84,2023-02-28
CLI0284,Feminino,Sul,64.0,Smartwatch,Relógios,200.0,5,1000,13.46,2023-05-09
CLI0137,Feminino,Oeste,19.0,Monitor,Eletrônicos,300.0,5,1500,19.39,2023-12-08
CLI0127,Masculino,Norte,62.0,Headphones,Acessórios,100.0,2,200,5.13,2023-11-01
CLI0052,Masculino,Leste,66.0,Mouse,Acessórios,30.0,2,60,6.23,2023-06-11
CLI0162,Feminino,Sul,69.0,Smartwatch,Relógios,200.0,4,800,12.26,2023-10-09
CLI0069,Feminino,Leste,66.0,Laptop,Eletrônicos,1500.0,4,6000,16.92,2023-09-23
CLI0011,Feminino,Oeste,54.0,Smartphone,Eletrônicos,1658.4323266595475,2,1600,15.8,2023-04-06
CLI0293,Masculino,Sul,32.0,Laptop,Eletrônicos,1500.0,3,4500,8.53,2023-11-17
CLI0078,Feminino,Leste,38.0,Monitor,Eletrônicos,300.0,1,300,7.57,2023-02-07
CLI0290,Feminino,,37.0,Headphones,Acessórios,100.0,3,300,5.29,2023-09-30
CLI0130,Feminino,Oeste,68.0,Smartwatch,Relógios,200.0,3,600,5.65,2023-08-18
CLI0186,Feminino,Leste,55.0,Smartwatch,Relógios,200.0,5,1000,18.29,2023-01-10
CLI0164,Masculino,Sul,50.0,Monitor,Eletrônicos,300.0,3,900,11.22,2023-03-16
CLI0024,Feminino,,57.0,Monitor,Eletrônicos,300.0,2,600,15.59,2023-09-02
CLI0006,Feminino,Leste,,Smartwatch,Relógios,200.0,3,600,13.94,2023-04-07
CLI0124,Feminino,Norte,53.0,Monitor,Eletrônicos,300.0,1,300,16.32,2023-08-16
CLI0060,Feminino,Oeste,41.0,Headphones,Acessórios,100.0,5,500,18.06,2023-03-15
CLI0046,Feminino,Norte,22.0,Mouse,Acessórios,30.0,1,30,8.96,2023-03-03
CLI0280,Masculino,Sul,44.0,Smartwatch,Relógios,200.0,4,800,6.43,2023-03-03
CLI0012,Masculino,Sul,28.0,Headphones,Acessórios,100.0,3,300,17.16,2023-08-10
CLI0095,Masculino,Leste,60.0,Mouse,Acessórios,30.0,3,90,18.42,2023-01-25
CLI0279,Feminino,,,Mouse,Acessórios,30.0,2,60,11.28,2023-09-19
CLI0158,Feminino,,51.0,Monitor,Eletrônicos,300.0,4,1200,6.91,2023-09-13
CLI0193,Masculino,Sul,64.0,Keyboard,Acessórios,50.0,4,200,17.18,2023-11-06
CLI0270,Masculino,Leste,64.0,Keyboard,Acessórios,50.0,1,50,18.23,2023-05-24
CLI0005,Feminino,Leste,56.0,Mouse,Acessórios,30.0,2,60,7.58,2023-02-15
CLI0118,Feminino,Oeste,23.0,Smartphone,Eletrônicos,800.0,2,1600,9.07,2023-10-19
CLI0016,Feminino,Norte,61.0,Keyboard,Acessórios,50.0,1,50,19.39,2023-07-28
CLI0168,Feminino,Sul,42.0,Keyboard,Acessórios,50.0,2,100,12.44,2023-02-21
CLI0091,Masculino,Norte,30.0,Keyboard,Acessórios,50.0,1,50,19.02,2023-12-14
CLI0066,Feminino,Oeste,37.0,Headphones,Acessórios,100.0,3,300,16.67,2023-03-07
CLI0186,Feminino,Leste,55.0,Mouse,Acessórios,30.0,1,30,5.24,2023-05-25
CLI0130,Feminino,Norte,68.0,Monitor,Eletrônicos,300.0,3,900,10.39,2023-02-09
CLI0274,Feminino,Oeste,51.0,Keyboard,Acessórios,50.0,3,150,19.79,2024-01-03
CLI0095,Feminino,Leste,60.0,Monitor,Eletrônicos,300.0,4,1200,7.26,2023-08-20
CLI0128,Feminino,Leste,52.0,Smartwatch,Relógios,200.0,5,1000,18.72,2023-03-02
CLI0036,Masculino,Sul,,Keyboard,Acessórios,50.0,3,150,9.99,2023-05-07
CLI0016,Feminino,Leste,61.0,Monitor,Eletrônicos,300.0,1,300,6.63,2023-01-14
CLI0192,Masculino,Sul,58.0,Mouse,Acessórios,30.0,1,30,11.39,2023-05-15
CLI0013,Feminino,Leste,55.0,Keyboard,Acessórios,50.0,4,200,6.66,2023-08-13
CLI0059,Feminino,Leste,18.0,Keyboard,Acessórios,50.0,4,200,7.76,2023-08-20
CLI0065,Feminino,Sul,41.0,Smartphone,Eletrônicos,800.0,1,800,6.24,2023-08-03
CLI0025,Feminino,Sul,56.0,Headphones,Acessórios,100.0,3,300,5.86,2023-11-25
CLI0160,Feminino,Sul,69.0,Laptop,Eletrônicos,1500.0,2,3000,5.35,2023-10-30
CLI0096,Feminino,Norte,61.0,Smartphone,Eletrônicos,800.0,5,4000,13.72,2023-03-09
CLI0071,Masculino,Leste,46.0,Smartphone,Eletrônicos,800.0,2,1600,13.1,2023-01-07
CLI0044,Masculino,Leste,30.0,Smartwatch,Relógios,200.0,2,400,13.54,2023-08-08
CLI0299,Feminino,Leste,58.0,Smartphone,Eletrônicos,800.0,5,4000,5.65,2023-12-16
CLI0291,Feminino,Sul,49.0,Monitor,Eletrônicos,300.0,3,900,17.93,2023-05-29
CLI0266,Feminino,Norte,29.0,Monitor,Eletrônicos,300.0,4,1200,5.79,2023-09-04
CLI0184,Feminino,Norte,54.0,Smartphone,Eletrônicos,800.0,1,800,13.72,2023-08-30
CLI0130,Masculino,Oeste,68.0,Keyboard,Acessórios,50.0,3,150,8.99,2023-02-02
CLI0052,Masculino,Sul,66.0,Monitor,Eletrônicos,300.0,4,1200,17.59,2023-09-12
CLI0240,Masculino,Leste,39.0,Keyboard,Acessórios,50.0,4,200,13.51,2023-12-21
CLI0054,Masculino,Sul,64.0,Smartphone,Eletrônicos,800.0,1,800,19.15,2023-10-07
CLI0038,Feminino,Norte,57.0,Keyboard,Acessórios,50.0,2,100,16.78,2023-11-16
CLI0023,Masculino,Leste,,Monitor,Eletrônicos,300.0,5,1500,8.56,2023-10-30
CLI0183,Masculino,Norte,42.0,Mouse,Acessórios,30.0,5,150,9.26,2023-02-21
CLI0012,Masculino,,28.0,Monitor,Eletrônicos,300.0,5,1500,13.09,2023-03-12
CLI0136,Feminino,Sul,36.0,Mouse,Acessórios,30.0,5,150,6.58,2023-10-17
CLI0052,Feminino,Sul,66.0,Mouse,Acessórios,30.0,2,60,12.21,2023-06-05
CLI0141,Masculino,Oeste,58.0,Monitor,Eletrônicos,300.0,4,1200,6.4,2023-03-03
CLI0144,Masculino,Sul,54.0,Smartphone,Eletrônicos,800.0,5,4000,19.43,2023-07-12
CLI0156,Feminino,Norte,57.0,Monitor,Eletrônicos,300.0,1,300,15.49,2023-02-05
CLI0199,Masculino,Oeste,,Smartphone,Eletrônicos,800.0,3,2400,6.95,2023-09-22
CLI0197,Masculino,Norte,54.0,Laptop,Eletrônicos,1500.0,4,6000,5.05,2023-07-12
CLI0196,Feminino,Oeste,37.0,Laptop,Eletrônicos,1500.0,1,1500,12.95,2023-11-06
CLI0243,Feminino,Oeste,58.0,Headphones,Acessórios,100.0,5,500,19.98,2023-08-13
CLI0182,Masculino,Sul,19.0,Smartphone,Eletrônicos,800.0,4,3200,12.3,2023-01-23
CLI0296,Feminino,Sul,50.0,Monitor,Eletrônicos,300.0,4,1200,7.42,2023-10-07
CLI0296,Feminino,Oeste,50.0,Mouse,Acessórios,30.0,1,30,15.21,2023-11-15
CLI0264,Feminino,Oeste,59.0,Monitor,Eletrônicos,300.0,3,900,19.8,2023-12-26
CLI0136,Feminino,Oeste,,Mouse,Acessórios,30.0,5,150,13.14,2023-11-11
CLI0010,Masculino,Oeste,,Headphones,Acessórios,100.0,5,500,15.78,2023-04-21
CLI0131,Masculino,Oeste,67.0,Keyboard,Acessórios,50.0,5,250,5.81,2023-05-18
CLI0252,Masculino,Oeste,55.0,Headphones,Acessórios,100.0,5,500,7.98,2023-05-16
CLI0294,Feminino,Leste,49.0,Mouse,Acessórios,30.0,5,150,19.83,2023-09-11
CLI0253,Masculino,Oeste,51.0,Smartphone,Eletrônicos,800.0,5,4000,16.14,2023-06-12
CLI0289,Feminino,Norte,37.0,Mouse,Acessórios,30.0,4,120,9.0,2024-01-03
CLI0126,Feminino,Norte,66.0,Smartphone,Eletrônicos,800.0,1,800,16.42,2023-09-26
CLI0024,Feminino,Sul,57.0,Laptop,Eletrônicos,1500.0,1,1500,9.69,2023-11-22
CLI0058,Masculino,Leste,,Laptop,Eletrônicos,1500.0,4,6000,16.49,2023-07-10
CLI0170,Masculino,Oeste,40.0,Keyboard,Acessórios,50.0,2,100,14.0,2023-11-23
CLI0064,Feminino,Leste,61.0,Laptop,Eletrônicos,1500.0,3,4500,12.21,2023-10-28
CLI0043,Masculino,Norte,22.0,Keyboard,Acessórios,50.0,4,200,9.82,2023-01-05
CLI0103,Masculino,Norte,23.0,Smartwatch,Relógios,200.0,5,1000,14.5,2023-11-15
CLI0032,Masculino,Norte,63.0,Mouse,Acessórios,30.0,4,120,14.68,2023-03-11
CLI0182,Masculino,Oeste,19.0,Mouse,Acessórios,30.0,1,30,17.33,2023-08-31
CLI0076,Masculino,Norte,26.0,Headphones,Acessórios,100.0,2,200,17.84,2023-12-12
CLI0215,Feminino,Norte,35.0,Monitor,Eletrônicos,300.0,5,1500,19.58,2023-01-22
CLI0105,Masculino,Sul,27.0,Keyboard,Acessórios,50.0,5,250,17.69,2023-12-31
CLI0295,Feminino,Leste,26.0,Smartphone,Eletrônicos,800.0,5,4000,18.99,2023-12-31
CLI0002,Feminino,Sul,23.0,Keyboard,Acessórios,50.0,5,250,17.96,2023-08-18
CLI0283,Feminino,Leste,67.0,Laptop,Eletrônicos,1500.0,1,1500,11.14,2023-06-25
CLI0047,Feminino,Oeste,41.0,Laptop,Eletrônicos,1500.0,1,1500,14.86,2023-10-21
CLI0153,Masculino,Oeste,,Mouse,Acessórios,30.0,2,60,6.54,2023-11-21
CLI0047,Masculino,Leste,41.0,Headphones,Acessórios,207.30404083244343,2,200,9.15,2023-04-23
CLI0269,Masculino,Leste,64.0,Monitor,Eletrônicos,300.0,4,1200,13.49,2023-09-09
CLI0022,Masculino,Norte,,Laptop,Eletrônicos,1500.0,2,3000,8.24,2023-04-15
CLI0106,Feminino,Leste,50.0,Smartphone,Eletrônicos,800.0,3,2400,10.13,2023-06-26
CLI0284,Masculino,Sul,64.0,Headphones,Acessórios,100.0,2,200,10.57,2023-06-03
CLI0149,Masculino,Sul,40.0,Laptop,Eletrônicos,1500.0,1,1500,14.19,2023-05-20
CLI0068,Masculino,Leste,64.0,Smartwatch,Relógios,200.0,3,600,5.7,2023-04-07
CLI0289,Feminino,Leste,37.0,Smartwatch,Relógios,200.0,5,1000,5.6,2023-11-18
CLI0247,Masculino,Sul,44.0,Laptop,Eletrônicos,1500.0,3,4500,18.21,2023-05-01
CLI0295,Masculino,Oeste,26.0,Laptop,Eletrônicos,1500.0,3,4500,12.84,2023-05-27
CLI0236,Masculino,Oeste,18.0,Laptop,Eletrônicos,1500.0,2,3000,18.07,2023-01-23
CLI0148,Masculino,Oeste,,Keyboard,Acessórios,50.0,4,200,14.29,2023-10-08
CLI0122,Masculino,Norte,68.0,Headphones,Acessórios,100.0,4,400,11.52,2023-11-29
CLI0246,Feminino,Sul,64.0,Monitor,Eletrônicos,300.0,3,900,15.77,2023-09-29
CLI0282,Masculino,Norte,68.0,Laptop,Eletrônicos,1500.0,4,6000,5.24,2023-11-07
CLI0204,Masculino,Oeste,54.0,Headphones,Acessórios,100.0,5,500,8.64,2023-10-20
CLI0053,Masculino,Norte,25.0,Laptop,Eletrônicos,1500.0,4,6000,13.08,2023-09-18
CLI0036,Masculino,,33.0,Smartphone,Eletrônicos,800.0,4,3200,13.29,2023-07-23
CLI0085,Masculino,Oeste,18.0,Smartphone,Eletrônicos,800.0,5,4000,13.44,2023-05-02
CLI0071,Feminino,Sul,,Headphones,Acessórios,100.0,1,100,14.98,2023-12-04
CLI0248,Masculino,Leste,67.0,Monitor,Eletrônicos,300.0,1,300,8.65,2023-08-27
CLI0088,Feminino,Oeste,66.0,Headphones,Acessórios,100.0,5,500,14.84,2023-06-08
CLI0020,Feminino,Norte,55.0,Monitor,Eletrônicos,300.0,1,300,7.38,2023-10-26
CLI0274,Feminino,Leste,51.0,Laptop,Eletrônicos,1500.0,5,7500,12.33,2023-01-07
CLI0196,Masculino,Leste,37.0,Smartwatch,Relógios,200.0,5,1000,19.55,2023-04-23
CLI0022,Masculino,,33.0,Smartphone,Eletrônicos,800.0,3,2400,5.22,2023-09-12
CLI0211,Masculino,Oeste,,Keyboard,Acessórios,50.0,1,50,14.62,2023-01-28
CLI0152,Feminino,Sul,69.0,Smartwatch,Relógios,200.0,3,600,19.07,2023-07-16
CLI0042,Masculino,Leste,57.0,Smartwatch,Relógios,200.0,5,1000,15.99,2023-01-04
CLI0235,Masculino,Leste,19.0,Headphones,Acessórios,100.0,5,500,19.53,2023-04-08
CLI0206,Masculino,Sul,43.0,Laptop,Eletrônicos,1500.0,5,7500,13.04,2023-05-03
CLI0103,Feminino,,23.0,Mouse,Acessórios,30.0,2,60,18.45,2023-07-15
CLI0179,Masculino,Norte,45.0,Smartphone,Eletrônicos,800.0,4,3200,15.02,2023-09-28
CLI0157,Feminino,Leste,48.0,Keyboard,Acessórios,50.0,4,200,8.27,2023-05-22
CLI0272,Masculino,Sul,52.0,Mouse,Acessórios,30.0,3,90,8.66,2023-03-30
CLI0071,Feminino,Sul,46.0,Headphones,Acessórios,100.0,5,500,11.88,2023-08-02
CLI0268,Masculino,Norte,21.0,Keyboard,Acessórios,50.0,3,150,15.03,2023-05-20
CLI0017,Feminino,Oeste,36.0,Keyboard,Acessórios,50.0,5,250,12.63,2023-12-17
CLI0221,Masculino,Oeste,33.0,Monitor,Eletrônicos,300.0,3,900,7.25,2023-11-01
CLI0207,Masculino,Oeste,54.0,Headphones,Acessórios,100.0,2,200,6.22,2024-01-03
CLI0077,Masculino,Leste,50.0,Monitor,Eletrônicos,300.0,3,900,14.75,2023-01-08
CLI0253,Feminino,Leste,51.0,Headphones,Acessórios,100.0,4,400,17.18,2023-09-25
CLI0253,Feminino,Leste,51.0,Keyboard,Acessórios,50.0,3,150,14.99,2023-04-18
CLI0225,Feminino,Norte,,Smartwatch,Relógios,200.0,1,200,17.3,2023-02-19
CLI0091,Feminino,Oeste,30.0,Headphones,Acessórios,100.0,1,100,6.47,2023-06-01
CLI0142,Feminino,Sul,32.0,Keyboard,Acessórios,50.0,5,250,10.39,2023-06-28
CLI0142,Feminino,Sul,32.0,Monitor,Eletrônicos,300.0,1,300,9.57,2023-04-24
CLI0032,Masculino,Norte,63.0,Smartphone,Eletrônicos,800.0,2,1600,6.57,2023-12-08
CLI0011,Masculino,Oeste,54.0,Keyboard,Acessórios,50.0,1,50,13.9,2023-11-04
CLI0204,Masculino,Oeste,54.0,Laptop,Eletrônicos,3109.5606124866517,5,7500,19.71,2023-04-18
CLI0068,Masculino,Leste,64.0,Smartwatch,Relógios,200.0,2,400,11.49,2023-09-24
CLI0222,Feminino,Leste,61.0,Mouse,Acessórios,30.0,2,60,13.74,2023-11-13
CLI0145,Masculino,Leste,51.0,Laptop,Eletrônicos,1500.0,1,1500,15.23,2023-10-10
CLI0083,Feminino,Sul,28.0,Laptop,Eletrônicos,1500.0,1,1500,19.84,2023-02-17
CLI0158,Feminino,Norte,51.0,Headphones,Acessórios,100.0,3,300,18.63,2023-03-20
CLI0063,Feminino,Norte,20.0,Laptop,Eletrônicos,1500.0,5,7500,15.07,2023-10-28
CLI0249,Masculino,Sul,33.0,Monitor,Eletrônicos,300.0,5,1500,15.98,2023-01-16
CLI0012,Masculino,Oeste,28.0,Monitor,Eletrônicos,300.0,2,600,14.13,2023-02-11
CLI0038,Masculino,Leste,57.0,Monitor,Eletrônicos,300.0,2,600,17.67,2023-12-18
CLI0216,Feminino,Oeste,53.0,Keyboard,Acessórios,50.0,5,250,15.62,2023-09-01
CLI0172,Feminino,Sul,56.0,Monitor,Eletrônicos,300.0,5,1500,12.62,2023-07-20
CLI0048,Masculino,Norte,34.0,Monitor,Eletrônicos,300.0,2,600,11.88,2023-09-23
CLI0260,Masculino,Leste,32.0,Monitor,Eletrônicos,300.0,2,600,12.92,2023-07-14
CLI0063,Masculino,Norte,20.0,Smartwatch,Relógios,200.0,4,800,15.78,2023-06-14
CLI0218,Masculino,,36.0,Laptop,Eletrônicos,1500.0,4,6000,14.0,2023-06-06
CLI0263,Masculino,Norte,,Smartphone,Eletrônicos,800.0,2,1600,7.17,2023-01-09
CLI0160,Masculino,Sul,69.0,Monitor,Eletrônicos,300.0,2,600,18.79,2023-07-29
CLI0250,Feminino,Norte,64.0,Smartphone,Eletrônicos,800.0,2,1600,17.54,2023-08-05
CLI0038,Masculino,Norte,57.0,Keyboard,Acessórios,50.0,3,150,18.44,2023-02-21
CLI0048,Masculino,Norte,34.0,Monitor,Eletrônicos,300.0,2,600,12.94,2023-05-05
CLI0183,Feminino,Oeste,42.0,Monitor,Eletrônicos,300.0,3,900,14.11,2023-01-16
CLI0240,Feminino,,39.0,Headphones,Acessórios,100.0,1,100,7.09,2023-06-26
CLI0155,Masculino,Norte,41.0,Smartwatch,Relógios,200.0,1,200,18.84,2023-04-20
CLI0185,Masculino,Norte,29.0,Laptop,Eletrônicos,1500.0,5,7500,13.95,2023-10-30
CLI0229,Feminino,Norte,,Headphones,Acessórios,100.0,4,400,11.95,2023-09-04
CLI0229,Masculino,Norte,45.0,Mouse,Acessórios,30.0,3,90,10.06,2023-02-18
CLI0139,Masculino,Norte,57.0,Mouse,Acessórios,30.0,5,150,19.16,2023-01-07
CLI0009,Masculino,Oeste,50.0,Headphones,Acessórios,100.0,2,200,19.13,2023-10-08
CLI0095,Masculino,Oeste,60.0,Keyboard,Acessórios,50.0,5,250,13.0,2023-12-19
CLI0001,Feminino,Leste,38.0,Keyboard,Acessórios,50.0,3,150,6.14,2023-04-10
CLI0200,Masculino,Leste,68.0,Laptop,Eletrônicos,1500.0,3,4500,11.29,2023-06-01
CLI0086,Masculino,Oeste,26.0,Smartwatch,Relógios,200.0,5,1000,14.83,2023-07-03
CLI0193,Feminino,Norte,64.0,Monitor,Eletrônicos,300.0,3,900,15.97,2023-10-15
CLI0193,Feminino,Leste,64.0,Headphones,Acessórios,100.0,4,400,12.48,2023-06-10
CLI0044,Feminino,Leste,30.0,Monitor,Eletrônicos,300.0,4,1200,10.86,2023-09-03
CLI0187,Masculino,Leste,25.0,Laptop,Eletrônicos,1500.0,5,7500,16.95,2023-03-04
CLI0006,Feminino,Leste,52.0,Headphones,Acessórios,100.0,2,200,18.95,2023-01-24
CLI0021,Masculino,Norte,43.0,Mouse,Acessórios,30.0,4,120,10.77,2023-09-24
CLI0271,Feminino,Sul,46.0,Headphones,Acessórios,100.0,2,200,19.54,2023-06-20
CLI0160,Masculino,Leste,69.0,Laptop,Eletrônicos,1500.0,4,6000,10.0,2023-11-15
CLI0095,Feminino,Leste,,Laptop,Eletrônicos,1500.0,5,7500,12.35,2023-04-28
CLI0025,Feminino,Leste,56.0,Monitor,Eletrônicos,300.0,3,900,17.34,2023-05-22
CLI0188,Masculino,Oeste,29.0,Keyboard,Acessórios,50.0,3,150,12.06,2023-04-02
CLI0238,Feminino,Oeste,,Mouse,Acessórios,30.0,2,60,14.07,2023-11-15
CLI0180,Masculino,Norte,,Laptop,Eletrônicos,1500.0,2,3000,16.82,2023-10-05
CLI0011,Feminino,Norte,54.0,Smartphone,Eletrônicos,800.0,5,4000,19.49,2023-08-22
CLI0264,Masculino,Oeste,59.0,Keyboard,Acessórios,50.0,2,100,15.51,2023-07-16
CLI0156,Masculino,Leste,57.0,Smartwatch,Relógios,200.0,5,1000,9.77,2023-01-27
CLI0044,Masculino,Oeste,30.0,Headphones,Acessórios,100.0,1,100,15.64,2023-09-06
CLI0202,Masculino,Leste,56.0,Smartphone,Eletrônicos,800.0,5,4000,12.22,2023-05-06
CLI0171,Masculino,Leste,21.0,Headphones,Acessórios,100.0,5,500,13.7,2023-01-14
CLI0109,Feminino,,57.0,Laptop,Eletrônicos,1500.0,4,6000,12.77,2023-04-28
CLI0213,Feminino,Norte,45.0,Monitor,Eletrônicos,300.0,4,1200,14.76,2023-01-02
CLI0261,Masculino,Norte,,Mouse,Acessórios,30.0,3,90,11.71,2023-11-09
CLI0030,Feminino,Leste,44.0,Smartphone,Eletrônicos,800.0,5,4000,17.36,2023-07-03
CLI0145,Masculino,Norte,51.0,Headphones,Acessórios,100.0,4,400,10.89,2023-01-14
CLI0044,Masculino,,30.0,Smartphone,Eletrônicos,800.0,1,800,14.23,2023-02-23
CLI0199,Masculino,Norte,41.0,Monitor,Eletrônicos,300.0,1,300,9.5,2023-06-11
CLI0111,Feminino,Oeste,19.0,Monitor,Eletrônicos,300.0,3,900,13.79,2023-05-16
CLI0124,Masculino,Sul,53.0,Smartphone,Eletrônicos,800.0,1,800,5.36,2023-03-16
CLI0299,Masculino,Oeste,58.0,Smartphone,Eletrônicos,800.0,5,4000,19.93,2023-01-03
CLI0241,Feminino,,27.0,Keyboard,Acessórios,50.0,2,100,19.92,2023-06-02
CLI0010,Masculino,Sul,37.0,Smartwatch,Relógios,200.0,2,400,14.16,2023-06-06
CLI0293,Feminino,Leste,32.0,Laptop,Eletrônicos,1500.0,5,7500,7.52,2023-10-28
CLI0225,Masculino,Oeste,65.0,Monitor,Eletrônicos,300.0,4,1200,10.09,2023-01-31
CLI0197,Masculino,Norte,54.0,Laptop,Eletrônicos,1500.0,4,6000,6.73,2023-04-28
CLI0035,Feminino,Oeste,20.0,Mouse,Acessórios,30.0,4,120,5.19,2023-07-22
CLI0280,Masculino,,44.0,Keyboard,Acessórios,50.0,1,50,12.3,2023-06-12
CLI0129,Masculino,Sul,66.0,Laptop,Eletrônicos,1500.0,4,6000,13.08,2023-03-20
CLI0144,Feminino,,54.0,Laptop,Eletrônicos,1500.0,4,6000,12.0,2023-04-14
CLI0174,Masculino,Norte,68.0,Mouse,Acessórios,30.0,2,60,9.28,2023-05-04
CLI0219,Feminino,Sul,48.0,Keyboard,Acessórios,50.0,5,250,14.34,2023-09-28
CLI0198,Masculino,Sul,56.0,Monitor,Eletrônicos,300.0,2,600,17.13,2023-08-01
CLI0139,Masculino,Norte,57.0,Monitor,Eletrônicos,300.0,1,300,13.55,2023-09-26
CLI0149,Masculino,Oeste,40.0,Mouse,Acessórios,30.0,5,150,9.01,2023-11-14
CLI0031,Masculino,Norte,67.0,Laptop,Eletrônicos,1500.0,4,6000,13.3,2023-11-01
CLI0036,Feminino,Sul,33.0,Headphones,Acessórios,100.0,5,500,8.27,2023-06-30
CLI0029,Feminino,Oeste,66.0,Laptop,Eletrônicos,1500.0,2,3000,9.26,2023-10-10
CLI0071,Masculino,Oeste,46.0,Monitor,Eletrônicos,300.0,3,900,18.83,2023-09-19
CLI0108,Feminino,Leste,,Monitor,Eletrônicos,300.0,1,300,6.55,2024-01-03
CLI0251,Masculino,Leste,42.0,Laptop,Eletrônicos,1500.0,2,3000,12.17,2023-01-09
CLI0142,Masculino,Norte,32.0,Laptop,Eletrônicos,1500.0,1,1500,8.53,2023-08-11
CLI0025,Masculino,Oeste,56.0,Monitor,Eletrônicos,300.0,1,300,8.87,2023-07-25
CLI0031,Feminino,Sul,67.0,Smartwatch,Relógios,200.0,1,200,5.45,2023-09-30
CLI0159,Masculino,Norte,,Headphones,Acessórios,100.0,2,200,10.39,2023-10-26
CLI0094,Masculino,Sul,30.0,Headphones,Acessórios,100.0,4,400,13.94,2023-12-22
CLI0072,Masculino,Leste,21.0,Headphones,Acessórios,100.0,4,400,12.96,2023-09-13
CLI0078,Feminino,Sul,38.0,Keyboard,Acessórios,50.0,4,200,11.0,2023-12-26
CLI0105,Masculino,Oeste,27.0,Laptop,Eletrônicos,1500.0,2,3000,13.22,2023-09-06
CLI0152,Masculino,Norte,69.0,Monitor,Eletrônicos,300.0,5,1500,17.75,2023-11-14
CLI0160,Feminino,Oeste,69.0,Smartphone,Eletrônicos,800.0,3,2400,15.53,2023-04-25
CLI0248,Feminino,Sul,67.0,Laptop,Eletrônicos,1500.0,1,1500,13.92,2023-07-26
CLI0133,Masculino,Oeste,47.0,Smartwatch,Relógios,200.0,3,600,13.73,2023-06-15
CLI0260,Masculino,Oeste,32.0,Monitor,Eletrônicos,300.0,3,900,8.48,2023-05-22
CLI0051,Feminino,Oeste,41.0,Laptop,Eletrônicos,1500.0,3,4500,13.82,2023-12-07
CLI0177,Feminino,Leste,29.0,Mouse,Acessórios,30.0,1,30,11.33,2023-02-28
CLI0004,Masculino,Norte,65.0,Monitor,Eletrônicos,300.0,4,1200,11.14,2024-01-03
CLI0195,Feminino,Leste,48.0,Smartwatch,Relógios,200.0,5,1000,10.9,2023-05-04
CLI0122,Masculino,Leste,68.0,Laptop,Eletrônicos,1500.0,1,1500,19.37,2023-08-27
CLI0058,Feminino,Norte,42.0,Mouse,Acessórios,30.0,5,150,8.28,2023-11-14
CLI0039,Masculino,,60.0,Laptop,Eletrônicos,1500.0,1,1500,10.84,2023-09-06
CLI0066,Feminino,Norte,37.0,Smartphone,Eletrônicos,800.0,1,800,12.78,2023-01-03
CLI0204,Feminino,Sul,54.0,Laptop,Eletrônicos,1500.0,4,6000,12.84,2023-02-20
CLI0208,Feminino,Sul,57.0,Monitor,Eletrônicos,300.0,1,300,6.55,2023-04-13
CLI0196,Feminino,Leste,37.0,Keyboard,Acessórios,50.0,4,200,12.81,2023-01-05
CLI0250,Feminino,Norte,64.0,Laptop,Eletrônicos,1500.0,1,1500,18.19,2023-05-22
CLI0227,Masculino,Sul,54.0,Smartwatch,Relógios,200.0,3,600,16.36,2023-08-10
CLI0107,Masculino,Oeste,67.0,Laptop,Eletrônicos,1500.0,4,6000,14.85,2023-06-11
CLI0177,Feminino,Leste,29.0,Smartwatch,Relógios,200.0,4,800,17.93,2023-02-25
CLI0174,Feminino,Sul,68.0,Headphones,Acessórios,100.0,2,200,11.73,2023-06-05
CLI0066,Masculino,Oeste,37.0,Mouse,Acessórios,30.0,3,90,13.86,2023-10-17
CLI0117,Masculino,Norte,22.0,Mouse,Acessórios,30.0,5,150,18.22,2023-01-25
CLI0008,Masculino,,18.0,Monitor,Eletrônicos,300.0,2,600,8.33,2023-01-10
CLI0010,Feminino,Oeste,,Laptop,Eletrônicos,1500.0,3,4500,6.86,2023-12-27
CLI0107,Masculino,Sul,,Keyboard,Acessórios,50.0,5,250,9.87,2023-11-03
CLI0271,Masculino,Oeste,,Smartwatch,Relógios,200.0,2,400,8.05,2023-04-10
CLI0149,Masculino,Norte,40.0,Smartwatch,Relógios,200.0,4,800,11.68,2023-12-27
CLI0173,Masculino,Sul,65.0,Laptop,Eletrônicos,1500.0,3,4500,13.18,2023-12-22
CLI0042,Feminino,Leste,57.0,Smartphone,Eletrônicos,800.0,2,1600,9.01,2023-11-08
CLI0106,Feminino,Sul,50.0,Headphones,Acessórios,100.0,3,300,17.63,2023-12-07
CLI0235,Masculino,Oeste,19.0,Monitor,Eletrônicos,300.0,1,300,7.48,2023-03-06
CLI0220,Masculino,Sul,,Mouse,Acessórios,30.0,1,30,6.7,2023-05-07
CLI0264,Feminino,Sul,,Mouse,Acessórios,30.0,5,150,14.88,2023-12-07
CLI0020,Feminino,Sul,55.0,Smartphone,Eletrônicos,800.0,4,3200,8.31,2023-09-13
CLI0139,Feminino,,57.0,Smartphone,Eletrônicos,800.0,3,2400,19.61,2023-12-31
CLI0022,Feminino,Sul,33.0,Keyboard,Acessórios,50.0,2,100,16.28,2023-04-20
CLI0101,Feminino,Norte,53.0,Monitor,Eletrônicos,300.0,4,1200,10.58,2023-03-31
CLI0271,Masculino,Leste,46.0,Monitor,Eletrônicos,300.0,4,1200,19.38,2023-11-20
CLI0197,Feminino,Oeste,54.0,Mouse,Acessórios,30.0,3,90,14.77,2023-12-09
CLI0135,Masculino,Oeste,41.0,Smartwatch,Relógios,200.0,1,200,13.72,2023-06-06
CLI0174,Masculino,Oeste,68.0,Mouse,Acessórios,30.0,5,150,16.66,2023-12-12
CLI0139,Masculino,Oeste,57.0,Laptop,Eletrônicos,1500.0,5,7500,8.19,2023-07-30
CLI0058,Masculino,Oeste,42.0,Headphones,Acessórios,100.0,5,500,5.43,2023-10-24
CLI0152,Masculino,Leste,69.0,Smartwatch,Relógios,200.0,5,1000,7.71,2023-10-25
CLI0231,Masculino,Sul,,Keyboard,Acessórios,50.0,2,100,13.53,2023-07-13
CLI0288,Masculino,Norte,,Keyboard,Acessórios,50.0,3,150,6.88,2023-05-28
CLI0296,Masculino,Sul,50.0,Monitor,Eletrônicos,300.0,5,1500,8.08,2024-01-03
CLI0155,Feminino,Leste,41.0,Monitor,Eletrônicos,300.0,1,300,16.71,2023-10-11
CLI0128,Feminino,Sul,,Monitor,Eletrônicos,300.0,3,900,14.38,2023-02-28
CLI0178,Masculino,Norte,44.0,Smartwatch,Relógios,200.0,3,600,11.82,2023-04-18
CLI0298,Masculino,Sul,58.0,Smartphone,Eletrônicos,800.0,2,1600,12.94,2023-11-11
CLI0064,Masculino,Oeste,61.0,Laptop,Eletrônicos,3109.5606124866517,1,1500,18.37,2023-09-01
CLI0091,Feminino,Oeste,30.0,Mouse,Acessórios,30.0,3,90,11.78,2023-08-14
CLI0113,Feminino,Leste,38.0,Laptop,Eletrônicos,1500.0,3,4500,7.52,2023-02-03
CLI0087,Feminino,,49.0,Mouse,Acessórios,30.0,2,60,17.46,2023-02-05
CLI0087,Masculino,Sul,49.0,Monitor,Eletrônicos,300.0,3,900,17.94,2023-01-20
CLI0255,Masculino,Oeste,,Smartphone,Eletrônicos,800.0,3,2400,10.5,2023-02-18
CLI0044,Feminino,Sul,30.0,Monitor,Eletrônicos,300.0,1,300,14.91,2023-07-29
CLI0133,Feminino,Leste,47.0,Laptop,Eletrônicos,1500.0,3,4500,15.5,2023-07-25
CLI0122,Masculino,Leste,68.0,Monitor,Eletrônicos,300.0,3,900,16.44,2023-12-16
CLI0220,Masculino,Oeste,67.0,Laptop,Eletrônicos,1500.0,2,3000,13.04,2023-03-30
CLI0182,Masculino,Leste,19.0,Headphones,Acessórios,100.0,2,200,14.11,2023-01-22
CLI0081,Masculino,Norte,38.0,Monitor,Eletrônicos,300.0,2,600,5.79,2023-01-19
CLI0224,Masculino,Sul,57.0,Smartwatch,Relógios,200.0,4,800,13.93,2023-12-13
CLI0070,Masculino,Sul,23.0,Smartphone,Eletrônicos,800.0,1,800,6.7,2023-07-06
CLI0263,Feminino,Oeste,40.0,Monitor,Eletrônicos,300.0,1,300,11.65,2023-07-22
CLI0052,Feminino,Norte,66.0,Keyboard,Acessórios,50.0,4,200,14.49,2023-06-06
CLI0253,Masculino,Norte,51.0,Monitor,Eletrônicos,300.0,5,1500,14.23,2023-08-03
CLI0095,Masculino,Norte,60.0,Monitor,Eletrônicos,300.0,2,600,15.88,2023-01-12
CLI0031,Masculino,Leste,67.0,Keyboard,Acessórios,50.0,1,50,19.41,2023-07-29
CLI0128,Masculino,,52.0,Smartphone,Eletrônicos,800.0,4,3200,15.79,2023-08-20
CLI0077,Masculino,Oeste,50.0,Mouse,Acessórios,30.0,4,120,17.84,2023-03-09
CLI0073,Masculino,Sul,19.0,Smartwatch,Relógios,200.0,3,600,10.07,2023-11-18
CLI0173,Masculino,Oeste,65.0,Mouse,Acessórios,30.0,5,150,15.11,2023-08-31
CLI0218,Feminino,Leste,36.0,Monitor,Eletrônicos,300.0,4,1200,11.23,2023-08-17
CLI0274,Masculino,Sul,51.0,Keyboard,Acessórios,50.0,5,250,15.38,2023-08-07
CLI0034,Feminino,Leste,65.0,Keyboard,Acessórios,50.0,3,150,10.84,2023-11-17
CLI0285,Feminino,Sul,58.0,Monitor,Eletrônicos,300.0,4,1200,13.4,2023-03-31
CLI0117,Feminino,Sul,22.0,Headphones,Acessórios,100.0,3,300,7.7,2023-07-20
CLI0208,Masculino,Norte,57.0,Mouse,Acessórios,30.0,4,120,15.44,2023-06-12
CLI0107,Feminino,Sul,67.0,Headphones,Acessórios,100.0,5,500,8.74,2023-06-08
CLI0145,Masculino,Norte,,Headphones,Acessórios,100.0,4,400,14.68,2023-12-08
CLI0232,Feminino,,44.0,Laptop,Eletrônicos,1500.0,5,7500,18.3,2023-11-07
CLI0039,Masculino,Leste,60.0,Smartwatch,Relógios,200.0,1,200,10.14,2023-12-02
CLI0195,Feminino,Oeste,48.0,Keyboard,Acessórios,50.0,3,150,6.42,2023-10-31
CLI0185,Feminino,Sul,29.0,Monitor,Eletrônicos,300.0,5,1500,18.18,2023-09-06
CLI0281,Feminino,Sul,,Keyboard,Acessórios,50.0,3,150,5.62,2023-03-05
CLI0061,Feminino,Sul,35.0,Smartphone,Eletrônicos,800.0,1,800,17.3,2023-05-07
CLI0232,Masculino,Leste,44.0,Mouse,Acessórios,30.0,3,90,14.91,2023-10-20
CLI0013,Feminino,Sul,55.0,Smartwatch,Relógios,200.0,4,800,7.31,2023-03-16
CLI0058,Feminino,Oeste,42.0,Keyboard,Acessórios,50.0,1,50,8.05,2023-07-13
CLI0159,Feminino,Norte,18.0,Laptop,Eletrônicos,1500.0,1,1500,5.29,2023-01-21
CLI0236,Masculino,Oeste,18.0,Laptop,Eletrônicos,1500.0,3,4500,19.41,2023-08-19
CLI0281,Feminino,Norte,44.0,Monitor,Eletrônicos,300.0,2,600,19.97,2023-09-30
CLI0213,Feminino,Sul,,Smartwatch,Relógios,200.0,5,1000,9.18,2023-10-31
CLI0286,Masculino,Oeste,63.0,Keyboard,Acessórios,50.0,2,100,6.28,2023-03-21
CLI0136,Feminino,Leste,36.0,Keyboard,Acessórios,50.0,4,200,9.3,2023-07-09
CLI0228,Masculino,Oeste,25.0,Keyboard,Acessórios,50.0,1,50,18.71,2023-12-07
CLI0124,Feminino,Norte,,Headphones,Acessórios,100.0,5,500,14.28,2023-06-02
CLI0201,Masculino,Oeste,49.0,Smartphone,Eletrônicos,800.0,1,800,12.3,2023-05-30
CLI0038,Masculino,,57.0,Smartphone,Eletrônicos,800.0,2,1600,19.87,2023-06-01
CLI0276,Feminino,Sul,66.0,Laptop,Eletrônicos,1500.0,3,4500,14.73,2023-12-01
CLI0201,Feminino,Norte,49.0,Smartwatch,Relógios,200.0,3,600,9.26,2023-10-23
CLI0104,Feminino,Leste,40.0,Keyboard,Acessórios,50.0,4,200,15.14,2023-06-17
CLI0101,Feminino,Leste,53.0,Smartwatch,Relógios,200.0,4,800,14.28,2023-11-05
CLI0138,Feminino,Oeste,46.0,Laptop,Eletrônicos,3109.5606124866517,2,3000,6.44,2023-12-08
CLI0035,Feminino,Sul,20.0,Keyboard,Acessórios,50.0,3,150,11.05,2023-09-16
CLI0273,Feminino,Sul,55.0,Mouse,Acessórios,30.0,3,90,11.24,2023-09-09
CLI0228,Feminino,Oeste,25.0,Smartphone,Eletrônicos,800.0,1,800,7.25,2023-03-09
CLI0191,Feminino,,41.0,Laptop,Eletrônicos,1500.0,4,6000,6.76,2023-08-01
CLI0087,Feminino,Norte,,Headphones,Acessórios,100.0,2,200,19.07,2023-05-08
CLI0070,Feminino,Oeste,23.0,Laptop,Eletrônicos,1500.0,5,7500,19.41,2023-12-21
CLI0088,Masculino,Oeste,66.0,Monitor,Eletrônicos,300.0,1,300,7.84,2023-12-08
CLI0287,Feminino,Sul,60.0,Smartphone,Eletrônicos,800.0,4,3200,9.99,2023-06-29
CLI0116,Masculino,Sul,20.0,Monitor,Eletrônicos,300.0,2,600,9.77,2023-09-24
CLI0037,Feminino,Oeste,51.0,Smartphone,Eletrônicos,800.0,3,2400,15.28,2023-05-22
CLI0215,Feminino,Leste,35.0,Mouse,Acessórios,30.0,3,90,8.79,2023-07-29
CLI0104,Masculino,Oeste,40.0,Keyboard,Acessórios,50.0,4,200,12.79,2023-10-19
CLI0197,Masculino,Norte,54.0,Smartphone,Eletrônicos,800.0,5,4000,9.55,2023-09-02
CLI0298,Feminino,Leste,58.0,Mouse,Acessórios,30.0,4,120,8.85,2023-06-21
CLI0079,Masculino,Sul,26.0,Keyboard,Acessórios,50.0,2,100,9.76,2023-06-13
CLI0021,Feminino,Leste,43.0,Smartwatch,Relógios,200.0,1,200,6.18,2023-12-28
CLI0162,Masculino,Leste,69.0,Laptop,Eletrônicos,1500.0,3,4500,6.08,2023-07-06
CLI0090,Masculino,Oeste,61.0,Laptop,Eletrônicos,1500.0,4,6000,9.46,2023-06-13
CLI0064,Feminino,Oeste,61.0,Headphones,Acessórios,100.0,1,100,6.6,2023-03-20
CLI0148,Feminino,Norte,67.0,Mouse,Acessórios,30.0,4,120,19.59,2023-02-20
CLI0081,Feminino,Oeste,38.0,Monitor,Eletrônicos,300.0,4,1200,12.55,2023-08-27
CLI0160,Masculino,Norte,69.0,Keyboard,Acessórios,50.0,5,250,14.32,2023-02-03
CLI0080,Masculino,Oeste,51.0,Smartphone,Eletrônicos,800.0,5,4000,6.74,2023-09-27
CLI0091,Masculino,Sul,30.0,Headphones,Acessórios,100.0,2,200,7.01,2023-03-18
CLI0112,Masculino,Leste,33.0,Laptop,Eletrônicos,1500.0,2,3000,14.97,2023-01-17
CLI0030,Feminino,Oeste,44.0,Headphones,Acessórios,100.0,4,400,10.03,2023-05-11
CLI0276,Masculino,Sul,66.0,Keyboard,Acessórios,50.0,2,100,8.51,2023-03-10
CLI0034,Feminino,Oeste,65.0,Keyboard,Acessórios,50.0,1,50,7.55,2023-06-27
CLI0271,Feminino,Norte,46.0,Mouse,Acessórios,30.0,4,120,18.31,2023-11-07
CLI0034,Masculino,Norte,65.0,Laptop,Eletrônicos,1500.0,5,7500,16.39,2023-04-08
CLI0122,Masculino,Norte,68.0,Laptop,Eletrônicos,1500.0,2,3000,18.77,2023-10-27
CLI0223,Feminino,Leste,20.0,Laptop,Eletrônicos,1500.0,5,7500,9.26,2023-02-01
CLI0052,Masculino,Norte,66.0,Smartphone,Eletrônicos,800.0,4,3200,15.69,2023-05-27
CLI0176,Masculino,Sul,,Keyboard,Acessórios,50.0,4,200,11.55,2023-10-01
CLI0276,Masculino,Oeste,66.0,Smartphone,Eletrônicos,800.0,3,2400,15.27,2023-05-05
CLI0185,Feminino,Oeste,29.0,Keyboard,Acessórios,50.0,4,200,6.75,2023-12-22
CLI0253,Feminino,Leste,51.0,Headphones,Acessórios,100.0,2,200,5.79,2023-06-13
CLI0055,Masculino,Leste,45.0,Smartwatch,Relógios,200.0,4,800,10.62,2023-01-11
CLI0229,Feminino,Norte,,Monitor,Eletrônicos,300.0,1,300,5.83,2023-02-07
CLI0149,Feminino,,40.0,Headphones,Acessórios,100.0,2,200,9.42,2023-07-14
CLI0028,Masculino,Leste,50.0,Mouse,Acessórios,30.0,5,150,6.26,2023-04-07
CLI0011,Masculino,Sul,54.0,Headphones,Acessórios,100.0,1,100,19.25,2023-12-18
CLI0259,Masculino,Oeste,59.0,Mouse,Acessórios,30.0,2,60,18.17,2023-11-17
CLI0296,Feminino,Oeste,50.0,Monitor,Eletrônicos,300.0,1,300,5.94,2023-12-26
CLI0101,Masculino,Leste,53.0,Headphones,Acessórios,100.0,3,300,15.61,2023-12-04
CLI0288,Masculino,Oeste,55.0,Laptop,Eletrônicos,1500.0,2,3000,9.06,2023-06-08
CLI0206,Feminino,,43.0,Keyboard,Acessórios,50.0,4,200,16.25,2023-08-14
CLI0179,Masculino,Norte,45.0,Monitor,Eletrônicos,300.0,4,1200,7.16,2023-11-13
CLI0293,Masculino,Oeste,32.0,Monitor,Eletrônicos,300.0,2,600,9.52,2023-10-17
CLI0120,Feminino,Norte,35.0,Headphones,Acessórios,100.0,4,400,12.85,2023-07-23
CLI0112,Masculino,Oeste,33.0,Smartphone,Eletrônicos,800.0,5,4000,5.14,2023-06-15
CLI0218,Feminino,Leste,36.0,Mouse,Acessórios,30.0,5,150,6.78,2023-07-18
CLI0018,Feminino,Sul,38.0,Keyboard,Acessórios,50.0,5,250,12.25,2023-05-12
CLI0193,Masculino,Norte,64.0,Laptop,Eletrônicos,1500.0,4,6000,9.87,2023-02-19
CLI0088,Masculino,Oeste,66.0,Laptop,Eletrônicos,1500.0,4,6000,11.5,2023-10-17
CLI0116,Masculino,Sul,20.0,Mouse,Acessórios,30.0,3,90,16.07,2023-09-30
CLI0152,Feminino,Oeste,69.0,Keyboard,Acessórios,50.0,4,200,18.96,2023-05-20
CLI0290,Feminino,Leste,37.0,Smartwatch,Relógios,200.0,4,800,5.98,2023-04-27
CLI0293,Masculino,Sul,32.0,Monitor,Eletrônicos,300.0,2,600,14.24,2023-03-27
CLI0080,Masculino,Sul,51.0,Monitor,Eletrônicos,300.0,5,1500,11.39,2023-07-31
CLI0134,Feminino,Norte,58.0,Keyboard,Acessórios,50.0,4,200,17.65,2023-02-11
CLI0010,Feminino,Leste,37.0,Smartphone,Eletrônicos,800.0,5,4000,6.67,2023-01-04
CLI0252,Masculino,Sul,55.0,Smartwatch,Relógios,200.0,3,600,8.26,2023-08-30
CLI0211,Feminino,Oeste,35.0,Monitor,Eletrônicos,300.0,5,1500,18.94,2023-03-06
CLI0095,Feminino,Sul,60.0,Monitor,Eletrônicos,300.0,3,900,19.78,2023-02-26
CLI0226,Masculino,Norte,43.0,Smartphone,Eletrônicos,800.0,4,3200,10.65,2023-02-25
CLI0238,Feminino,Norte,26.0,Smartwatch,Relógios,200.0,4,800,14.25,2023-01-03
CLI0274,Masculino,Oeste,51.0,Monitor,Eletrônicos,300.0,4,1200,6.26,2023-12-28
CLI0225,Masculino,Sul,65.0,Keyboard,Acessórios,50.0,3,150,12.69,2023-11-18
CLI0233,Masculino,Oeste,24.0,Smartwatch,Relógios,200.0,3,600,19.39,2023-03-11
CLI0208,Masculino,Norte,57.0,Headphones,Acessórios,100.0,4,400,14.49,2023-09-19
CLI0006,Masculino,Sul,52.0,Smartwatch,Relógios,200.0,5,1000,13.13,2023-05-15
CLI0181,Masculino,Norte,59.0,Monitor,Eletrônicos,300.0,4,1200,15.92,2023-10-23
CLI0126,Masculino,Oeste,66.0,Smartwatch,Relógios,200.0,5,1000,12.06,2023-03-07
CLI0118,Masculino,Leste,23.0,Keyboard,Acessórios,50.0,1,50,16.34,2023-01-16
CLI0007,Feminino,Norte,52.0,Smartwatch,Relógios,200.0,3,600,15.85,2023-04-10
CLI0263,Feminino,Sul,,Headphones,Acessórios,100.0,3,300,19.01,2023-09-13
CLI0256,Masculino,Leste,,Laptop,Eletrônicos,1500.0,3,4500,9.83,2023-09-26
CLI0172,Feminino,Leste,56.0,Mouse,Acessórios,30.0,4,120,5.17,2023-11-23
CLI0114,Masculino,Sul,,Smartphone,Eletrônicos,800.0,3,2400,15.04,2023-08-12
CLI0198,Masculino,Oeste,,Smartphone,Eletrônicos,800.0,5,4000,18.49,2023-12-13
CLI0234,Feminino,Sul,44.0,Smartwatch,Relógios,200.0,1,200,7.67,2023-07-08
CLI0182,Feminino,Norte,19.0,Keyboard,Acessórios,50.0,3,150,5.76,2023-07-25
CLI0104,Masculino,,40.0,Smartwatch,Relógios,200.0,1,200,16.29,2023-07-08
CLI0232,Masculino,Oeste,44.0,Headphones,Acessórios,100.0,1,100,6.43,2023-07-28
CLI0160,Masculino,Oeste,69.0,Laptop,Eletrônicos,1500.0,1,1500,7.32,2023-09-19
CLI0105,Feminino,Sul,27.0,Smartwatch,Relógios,200.0,2,400,9.97,2023-01-18
CLI0065,Feminino,Oeste,41.0,Smartwatch,Relógios,200.0,5,1000,12.79,2023-01-06
CLI0220,Feminino,Norte,,Mouse,Acessórios,30.0,4,120,17.23,2023-07-09
CLI0150,Masculino,Oeste,63.0,Mouse,Acessórios,62.191212249733034,5,150,10.81,2023-07-01
CLI0300,Masculino,Leste,66.0,Smartwatch,Relógios,200.0,4,800,16.99,2023-10-15
CLI0066,Feminino,Norte,37.0,Monitor,Eletrônicos,300.0,3,900,17.15,2024-01-03
CLI0255,Masculino,Sul,39.0,Laptop,Eletrônicos,1500.0,2,3000,11.24,2023-11-16
CLI0154,Feminino,Norte,31.0,Monitor,Eletrônicos,300.0,2,600,5.84,2023-08-19
CLI0112,Feminino,Oeste,33.0,Smartphone,Eletrônicos,800.0,2,1600,7.61,2023-12-08
CLI0130,Masculino,Leste,68.0,Headphones,Acessórios,100.0,4,400,14.97,2023-12-09
CLI0061,Feminino,Sul,35.0,Monitor,Eletrônicos,300.0,1,300,15.16,2023-10-25
CLI0046,Masculino,Leste,22.0,Laptop,Eletrônicos,1500.0,2,3000,15.58,2023-12-16
CLI0200,Feminino,Norte,68.0,Laptop,Eletrônicos,1500.0,1,1500,5.57,2023-08-06
CLI0001,Masculino,Leste,38.0,Laptop,Eletrônicos,1500.0,4,6000,11.28,2023-04-26
CLI0101,Feminino,Oeste,53.0,Smartphone,Eletrônicos,800.0,4,3200,14.35,2023-06-27
CLI0113,Feminino,Oeste,38.0,Keyboard,Acessórios,50.0,4,200,19.17,2023-01-26
CLI0076,Masculino,Sul,26.0,Mouse,Acessórios,30.0,1,30,10.22,2023-10-26
CLI0120,Masculino,Norte,35.0,Keyboard,Acessórios,50.0,3,150,12.89,2023-01-30
CLI0265,Feminino,Norte,38.0,Keyboard,Acessórios,50.0,4,200,7.52,2023-05-29
CLI0214,Feminino,Sul,45.0,Monitor,Eletrônicos,300.0,2,600,9.09,2023-10-02
CLI0058,Masculino,Norte,42.0,Monitor,Eletrônicos,300.0,4,1200,5.56,2023-06-06
CLI0288,Masculino,Norte,,Smartwatch,Relógios,200.0,2,400,19.66,2023-01-31
CLI0210,Masculino,Sul,30.0,Monitor,Eletrônicos,300.0,1,300,11.26,2023-12-31
CLI0116,Masculino,Sul,20.0,Mouse,Acessórios,30.0,1,30,5.41,2023-01-05
CLI0059,Feminino,Sul,18.0,Laptop,Eletrônicos,1500.0,2,3000,10.13,2023-06-10
CLI0239,Feminino,Sul,35.0,Smartphone,Eletrônicos,800.0,4,3200,7.74,2023-05-26
CLI0099,Masculino,Oeste,,Smartwatch,Relógios,200.0,1,200,8.28,2023-10-06
CLI0018,Feminino,Sul,38.0,Monitor,Eletrônicos,300.0,2,600,17.38,2023-04-16
CLI0028,Masculino,Oeste,50.0,Keyboard,Acessórios,50.0,4,200,11.39,2023-01-17
CLI0159,Masculino,Sul,18.0,Laptop,Eletrônicos,1500.0,3,4500,18.83,2023-03-22
CLI0053,Feminino,Sul,25.0,Smartwatch,Relógios,200.0,1,200,6.96,2023-11-20
CLI0015,Masculino,Norte,58.0,Laptop,Eletrônicos,1500.0,5,7500,6.21,2023-07-21
CLI0045,Masculino,Leste,21.0,Headphones,Acessórios,100.0,4,400,18.3,2023-07-26
CLI0156,Masculino,Oeste,57.0,Laptop,Eletrônicos,1500.0,5,7500,7.57,2023-05-18
CLI0238,Masculino,Leste,26.0,Monitor,Eletrônicos,621.9121224973303,2,600,7.02,2024-01-03
CLI0116,Masculino,Oeste,20.0,Monitor,Eletrônicos,300.0,2,600,11.06,2023-08-12
CLI0239,Feminino,Leste,35.0,Mouse,Acessórios,30.0,5,150,13.08,2023-08-16
CLI0268,Feminino,Sul,21.0,Mouse,Acessórios,30.0,3,90,10.49,2023-08-11
CLI0086,Masculino,Oeste,26.0,Monitor,Eletrônicos,300.0,2,600,12.94,2023-01-02
CLI0087,Feminino,Norte,49.0,Laptop,Eletrônicos,1500.0,2,3000,11.24,2023-07-28
CLI0077,Feminino,Norte,,Monitor,Eletrônicos,621.9121224973303,3,900,14.86,2023-04-27
CLI0122,Masculino,Leste,68.0,Keyboard,Acessórios,50.0,2,100,11.09,2023-08-16
CLI0242,Masculino,Sul,58.0,Smartwatch,Relógios,200.0,5,1000,10.84,2023-10-22
CLI0079,Feminino,Norte,26.0,Laptop,Eletrônicos,1500.0,4,6000,5.57,2023-08-24
CLI0216,Masculino,Leste,53.0,Mouse,Acessórios,30.0,2,60,8.58,2023-10-27
CLI0016,Feminino,Oeste,,Keyboard,Acessórios,50.0,3,150,10.05,2023-11-26
CLI0196,Masculino,Sul,37.0,Smartwatch,Relógios,200.0,2,400,18.38,2023-02-17
CLI0148,Masculino,Sul,67.0,Monitor,Eletrônicos,300.0,3,900,19.76,2023-11-09
CLI0295,Feminino,Oeste,26.0,Mouse,Acessórios,30.0,1,30,13.87,2023-06-10
CLI0048,Masculino,Leste,34.0,Smartwatch,Relógios,200.0,3,600,16.93,2023-04-13
CLI0115,Feminino,Sul,53.0,Mouse,Acessórios,30.0,3,90,6.18,2023-04-25
CLI0264,Feminino,Leste,,Smartphone,Eletrônicos,800.0,4,3200,17.44,2023-03-03
CLI0216,Masculino,Sul,53.0,Monitor,Eletrônicos,300.0,3,900,12.14,2023-03-14
CLI0029,Masculino,Sul,66.0,Monitor,Eletrônicos,300.0,1,300,17.09,2023-04-03
CLI0180,Masculino,Sul,68.0,Keyboard,Acessórios,50.0,1,50,11.23,2023-04-02
CLI0184,Feminino,Leste,54.0,Smartphone,Eletrônicos,800.0,5,4000,5.41,2023-07-08
CLI0290,Masculino,,37.0,Headphones,Acessórios,100.0,5,500,6.55,2023-04-20
CLI0228,Feminino,Leste,25.0,Smartwatch,Relógios,200.0,2,400,6.46,2023-10-19
CLI0243,Masculino,Oeste,58.0,Monitor,Eletrônicos,300.0,4,1200,14.16,2023-05-14
CLI0242,Feminino,Norte,58.0,Smartwatch,Relógios,200.0,3,600,14.74,2023-09-29
CLI0142,Masculino,Sul,32.0,Laptop,Eletrônicos,1500.0,1,1500,6.92,2023-12-26
CLI0131,Masculino,Leste,67.0,Mouse,Acessórios,30.0,1,30,13.84,2023-06-08
CLI0126,Masculino,Norte,66.0,Keyboard,Acessórios,50.0,4,200,10.69,2023-06-03
CLI0265,Masculino,Oeste,38.0,Headphones,Acessórios,100.0,3,300,8.2,2023-11-30
CLI0003,Masculino,Norte,63.0,Mouse,Acessórios,30.0,3,90,9.04,2023-02-14
CLI0212,Masculino,Oeste,62.0,Keyboard,Acessórios,50.0,2,100,8.68,2023-07-02
CLI0106,Feminino,Oeste,50.0,Smartphone,Eletrônicos,800.0,1,800,7.34,2023-06-13
CLI0118,Masculino,Oeste,23.0,Monitor,Eletrônicos,300.0,4,1200,11.76,2023-03-28
CLI0126,Masculino,Leste,66.0,Headphones,Acessórios,100.0,5,500,5.4,2023-12-24
CLI0292,Masculino,Sul,21.0,Mouse,Acessórios,30.0,4,120,13.68,2023-05-24
CLI0291,Feminino,Sul,49.0,Monitor,Eletrônicos,300.0,3,900,15.81,2023-05-21
CLI0085,Feminino,Norte,18.0,Keyboard,Acessórios,50.0,5,250,16.0,2023-01-05
CLI0166,Feminino,Oeste,29.0,Mouse,Acessórios,30.0,4,120,11.36,2023-11-19
CLI0040,Feminino,Leste,,Keyboard,Acessórios,50.0,5,250,10.46,2023-08-02
CLI0295,Masculino,Norte,,Monitor,Eletrônicos,300.0,1,300,9.06,2023-06-16
CLI0059,Feminino,Sul,18.0,Mouse,Acessórios,30.0,3,90,8.3,2023-02-06
CLI0281,Feminino,Leste,44.0,Headphones,Acessórios,100.0,3,300,13.94,2023-09-28
CLI0019,Masculino,Sul,69.0,Smartphone,Eletrônicos,800.0,4,3200,19.42,2023-11-07
CLI0004,Masculino,Norte,65.0,Keyboard,Acessórios,50.0,5,250,5.92,2023-04-04
CLI0279,Feminino,Oeste,59.0,Smartphone,Eletrônicos,800.0,5,4000,15.22,2023-11-24
CLI0069,Feminino,Leste,66.0,Headphones,Acessórios,100.0,2,200,8.65,2023-09-19
CLI0004,Masculino,Norte,65.0,Monitor,Eletrônicos,300.0,3,900,9.31,2023-02-14
CLI0060,Masculino,Sul,41.0,Keyboard,Acessórios,50.0,3,150,5.55,2023-03-13
CLI0154,Masculino,Norte,31.0,Mouse,Acessórios,30.0,1,30,9.26,2023-08-24
CLI0259,Masculino,Leste,59.0,Monitor,Eletrônicos,300.0,3,900,19.36,2023-05-01
CLI0203,Feminino,Leste,,Laptop,Eletrônicos,1500.0,5,7500,16.44,2023-09-23
CLI0241,Feminino,Oeste,27.0,Smartphone,Eletrônicos,800.0,4,3200,13.94,2023-02-03
CLI0004,Feminino,Oeste,65.0,Smartphone,Eletrônicos,800.0,5,4000,15.8,2023-12-29
CLI0031,Masculino,Oeste,67.0,Smartphone,Eletrônicos,800.0,3,2400,7.05,2023-12-14
CLI0144,Masculino,Oeste,54.0,Mouse,Acessórios,30.0,4,120,14.5,2023-02-13
CLI0031,Feminino,Leste,67.0,Mouse,Acessórios,30.0,2,60,12.54,2023-03-26
CLI0218,Masculino,Leste,36.0,Smartphone,Eletrônicos,800.0,2,1600,16.62,2023-08-03
CLI0234,Masculino,Sul,44.0,Laptop,Eletrônicos,1500.0,5,7500,18.67,2023-09-12
CLI0050,Feminino,Oeste,40.0,Laptop,Eletrônicos,1500.0,1,1500,13.51,2023-07-21
CLI0140,Masculino,Sul,50.0,Mouse,Acessórios,30.0,3,90,12.43,2023-01-05
CLI0044,Masculino,Sul,30.0,Smartwatch,Relógios,200.0,4,800,13.9,2023-06-28
CLI0202,Masculino,Sul,56.0,Smartwatch,Relógios,200.0,3,600,19.03,2024-01-03
CLI0093,Feminino,Norte,66.0,Monitor,Eletrônicos,300.0,5,1500,18.92,2023-05-03
CLI0258,Feminino,Oeste,39.0,Monitor,Eletrônicos,300.0,1,300,9.04,2023-07-23
CLI0133,Feminino,Leste,47.0,Smartwatch,Relógios,200.0,1,200,12.27,2023-12-13
CLI0271,Masculino,Sul,46.0,Keyboard,Acessórios,50.0,5,250,19.63,2023-05-22
CLI0121,Feminino,Norte,66.0,Keyboard,Acessórios,50.0,3,150,10.21,2023-12-12
CLI0028,Masculino,Leste,50.0,Monitor,Eletrônicos,300.0,4,1200,14.64,2023-01-28
CLI0125,Masculino,Leste,,Smartwatch,Relógios,200.0,3,600,6.36,2023-11-28
CLI0137,Feminino,Leste,19.0,Monitor,Eletrônicos,300.0,3,900,9.79,2023-12-02
CLI0240,Masculino,Oeste,39.0,Keyboard,Acessórios,50.0,1,50,6.14,2023-05-29
CLI0268,Masculino,Leste,21.0,Monitor,Eletrônicos,300.0,4,1200,10.03,2023-05-16
CLI0066,Feminino,Sul,37.0,Headphones,Acessórios,100.0,3,300,9.91,2023-08-01
CLI0068,Masculino,Sul,64.0,Mouse,Acessórios,30.0,1,30,19.22,2023-07-31
CLI0221,Masculino,Norte,,Keyboard,Acessórios,50.0,3,150,10.81,2023-07-11
CLI0266,Masculino,Norte,29.0,Laptop,Eletrônicos,1500.0,2,3000,16.23,2023-01-26
CLI0129,Masculino,Sul,,Smartphone,Eletrônicos,800.0,5,4000,15.97,2023-11-14
CLI0113,Masculino,Sul,38.0,Monitor,Eletrônicos,300.0,5,1500,19.39,2023-02-26
CLI0240,Masculino,Oeste,39.0,Smartphone,Eletrônicos,800.0,3,2400,9.92,2023-07-26
CLI0003,Masculino,Sul,63.0,Smartwatch,Relógios,200.0,4,800,10.23,2023-06-07
CLI0272,Feminino,Sul,52.0,Smartphone,Eletrônicos,800.0,1,800,10.65,2023-05-29
CLI0276,Masculino,Sul,66.0,Monitor,Eletrônicos,300.0,5,1500,8.06,2023-06-11
CLI0209,Masculino,Norte,63.0,Keyboard,Acessórios,50.0,5,250,5.88,2023-02-12
CLI0014,Masculino,Sul,20.0,Monitor,Eletrônicos,300.0,1,300,7.32,2023-12-18
CLI0186,Masculino,Sul,55.0,Smartphone,Eletrônicos,800.0,1,800,18.74,2023-07-17
CLI0198,Masculino,Leste,56.0,Laptop,Eletrônicos,1500.0,2,3000,19.05,2023-05-20
CLI0043,Masculino,Norte,22.0,Keyboard,Acessórios,50.0,4,200,11.99,2023-01-04
CLI0071,Masculino,Leste,46.0,Monitor,Eletrônicos,300.0,1,300,6.17,2023-12-10
CLI0131,Feminino,Leste,67.0,Smartphone,Eletrônicos,800.0,3,2400,7.3,2023-11-17
CLI0131,Feminino,Norte,67.0,Laptop,Eletrônicos,3109.5606124866517,4,6000,18.27,2023-08-26
CLI0232,Feminino,,44.0,Laptop,Eletrônicos,1500.0,1,1500,12.37,2023-02-10
CLI0109,Masculino,Sul,57.0,Smartwatch,Relógios,200.0,3,600,5.88,2023-01-10
CLI0189,Masculino,Norte,38.0,Keyboard,Acessórios,50.0,5,250,12.92,2023-07-19
CLI0299,Feminino,Sul,58.0,Mouse,Acessórios,30.0,2,60,9.71,2023-03-27
CLI0270,Masculino,,64.0,Smartwatch,Relógios,200.0,5,1000,19.0,2023-08-20
CLI0031,Masculino,Oeste,67.0,Mouse,Acessórios,30.0,3,90,7.63,2023-07-22
CLI0240,Masculino,Oeste,39.0,Mouse,Acessórios,30.0,5,150,5.6,2023-10-10
CLI0176,Masculino,Oeste,51.0,Keyboard,Acessórios,50.0,4,200,19.42,2023-05-30
CLI0252,Feminino,Leste,55.0,Smartwatch,Relógios,200.0,5,1000,13.29,2023-10-16
CLI0225,Feminino,Leste,,Mouse,Acessórios,30.0,3,90,15.46,2023-05-04
CLI0238,Masculino,Oeste,26.0,Mouse,Acessórios,30.0,2,60,16.34,2023-11-02
CLI0276,Feminino,Norte,66.0,Headphones,Acessórios,100.0,4,400,7.41,2023-01-09
CLI0255,Feminino,Oeste,39.0,Monitor,Eletrônicos,300.0,1,300,13.28,2023-02-20
CLI0133,Masculino,Leste,47.0,Smartphone,Eletrônicos,800.0,4,3200,8.88,2023-07-31
CLI0097,Masculino,Leste,34.0,Smartwatch,Relógios,200.0,3,600,5.87,2023-06-25
CLI0239,Masculino,,35.0,Headphones,Acessórios,100.0,4,400,11.97,2023-03-15
CLI0226,Masculino,Oeste,43.0,Headphones,Acessórios,100.0,2,200,15.85,2023-10-08
CLI0068,Feminino,Norte,64.0,Keyboard,Acessórios,50.0,5,250,13.3,2023-07-02
CLI0149,Feminino,Leste,40.0,Monitor,Eletrônicos,300.0,4,1200,17.21,2023-07-30
CLI0257,Feminino,,54.0,Mouse,Acessórios,30.0,2,60,19.03,2023-01-11
CLI0299,Feminino,Norte,58.0,Smartwatch,Relógios,200.0,4,800,9.43,2023-08-03
CLI0123,Masculino,Norte,52.0,Smartwatch,Relógios,200.0,2,400,5.97,2023-09-25
CLI0231,Feminino,Norte,,Laptop,Eletrônicos,1500.0,5,7500,5.11,2023-11-30
CLI0217,Masculino,Sul,18.0,Mouse,Acessórios,30.0,3,90,11.7,2023-10-20
CLI0142,Masculino,Leste,32.0,Headphones,Acessórios,100.0,5,500,12.38,2023-01-01
CLI0200,Feminino,Norte,68.0,Smartphone,Eletrônicos,800.0,4,3200,17.32,2023-08-05
CLI0079,Masculino,Oeste,26.0,Smartwatch,Relógios,200.0,2,400,7.14,2023-01-04
CLI0201,Feminino,Sul,49.0,Headphones,Acessórios,100.0,1,100,17.21,2023-01-05
CLI0133,Masculino,Leste,47.0,Laptop,Eletrônicos,1500.0,1,1500,19.19,2023-04-01
CLI0055,Feminino,Norte,,Mouse,Acessórios,30.0,5,150,19.35,2023-10-20
CLI0023,Feminino,Sul,29.0,Laptop,Eletrônicos,1500.0,5,7500,10.36,2023-01-07
CLI0040,Masculino,,29.0,Smartwatch,Relógios,200.0,1,200,7.53,2023-01-30
